{"sections":{"1656961223dfeb6294":{"type":"image-with-text-teams","blocks":{"10c712f6-100a-4a31-ac0d-8406c8bf93de":{"type":"text","settings":{"desktop_text_align":"center","mobile_text_align":"center","breadcrumb":true,"big_title":"404","title":"Oops!","title_bold":true,"content":"<p>Looks like you're not in the right spot! No worries - we'll get you back to shopping!<\/p>","cta_text_color":"#ffffff","cta_background_color":"#000000","cta_text":"CONTINUE SHOPPING","cta_link":"shopify:\/\/collections","cta_text_2":"RETURN TO HOME PAGE","cta_link_2":"shopify:\/\/pages\/athlete-of-the-month-rules","cta_product":"","cta_atc_background_color":"#ffffff","cta_atc_text_color":"#000000","cta_atc_hover_background_color":"#000000","cta_atc_hover_text_color":"#ffffff","text_below_cta":"","cta_style":"button","cta_style_tablet":"button","cta_style_mobile":"button","background_color":"","big_title_color":"","title_color":"","content_color":"","text_below_cta_color":"#ffffff","background_color_tablet":"","big_title_color_tablet":"","title_color_tablet":"","content_color_tablet":"","text_below_cta_color_tablet":"#ffffff","background_color_mobile":"","big_title_color_mobile":"","title_color_mobile":"","content_color_mobile":"","text_below_cta_color_mobile":"#ffffff","desktop_block_width":"20%","tablet_block_width":"50%","mobile_block_width":"100%","tablet_position":1,"mobile_position":1}},"0caed1f3-63de-41fe-abf9-678fbcca3190":{"type":"image","settings":{"image":"shopify:\/\/shop_images\/freedmans-window-sm_2aea13a1-e85c-4584-b0b3-9358dbbb897e.jpg","image_mobile":"shopify:\/\/shop_images\/freedmans-window-sm_2aea13a1-e85c-4584-b0b3-9358dbbb897e.jpg","product_1":"","product_1_horizontal":50,"product_1_vertical":50,"product_1_horizontal_tablet":50,"product_1_vertical_tablet":50,"product_1_horizontal_mobile":50,"product_1_vertical_mobile":50,"product_2":"","product_2_horizontal":50,"product_2_vertical":50,"product_2_horizontal_tablet":50,"product_2_vertical_tablet":50,"product_2_horizontal_mobile":50,"product_2_vertical_mobile":50,"product_3":"","product_3_horizontal":50,"product_3_vertical":50,"product_3_horizontal_tablet":50,"product_3_vertical_tablet":50,"product_3_horizontal_mobile":50,"product_3_vertical_mobile":50,"desktop_block_width":"80%","tablet_block_width":"50%","mobile_block_width":"100%","tablet_position":1,"mobile_position":1}}},"block_order":["10c712f6-100a-4a31-ac0d-8406c8bf93de","0caed1f3-63de-41fe-abf9-678fbcca3190"],"settings":{"above_the_fold":false,"section_size":"full-width","section_size_tablet":"full-width","section_size_mobile":"full-width","gap":false,"gap_tablet":false,"gap_mobile":false}},"featured-collection":{"type":"main-404","blocks":{"0e54eeca-8779-4d33-932c-7aebf8938e0a":{"type":"tab","settings":{"title":"Saddlery","collection_1":"saddlery","collection_1_show_description":true,"collection_1_description":"Now, four models! Shop our newest World Cup HP & Victory Pass HP Saddles","collection_1_icon":"shopify:\/\/shop_images\/freedmans_533x_c4d1f6bd-8e04-473f-b065-e25abaf3dd21.webp","collection_1_image":"shopify:\/\/shop_images\/94803364-22_USN__byRiyan-6302.jpg","collection_1_name":"Saddle Seat Saddles","collection_1_url":"","collection_2":"hunter-saddles","collection_2_show_description":true,"collection_2_description":"Shop our two hunter models: the Hunter SG and the Centennial Hunter Saddle","collection_2_icon":"shopify:\/\/shop_images\/freedmans_533x_c4d1f6bd-8e04-473f-b065-e25abaf3dd21.webp","collection_2_image":"shopify:\/\/shop_images\/AF4I7062_1_14b67df5-9050-465f-98d5-1d639e1e69f1.jpg","collection_2_name":"Hunter Saddles","collection_2_url":"","collection_3":"show-hack-tack","collection_3_show_description":true,"collection_3_description":"Shop the Show Hack Collection","collection_3_icon":"shopify:\/\/shop_images\/freedmans_533x_c4d1f6bd-8e04-473f-b065-e25abaf3dd21.webp","collection_3_image":"shopify:\/\/shop_images\/A27I4351.jpg","collection_3_name":"Specialty Saddles","collection_3_url":""}},"ad4097b8-b576-4831-b80d-2214c521057a":{"type":"tab","settings":{"title":"Bridlework","collection_1":"full-bridles","collection_1_show_description":true,"collection_1_description":"Choose from our collection of full bridles for horses and ponies.","collection_1_icon":"shopify:\/\/shop_images\/freedmans_533x_c4d1f6bd-8e04-473f-b065-e25abaf3dd21.webp","collection_1_image":"shopify:\/\/shop_images\/Stake_Night_Bridle_with_1_BB_aceab1d5-108c-48c1-ae42-14e21c206ef3.jpg","collection_1_name":"Build Your Own Saddle Seat Full Bridle","collection_1_url":"","collection_2":"hunter-bridles","collection_2_show_description":true,"collection_2_description":"Offered in a snaffle and double bridle with a padded crown.","collection_2_icon":"shopify:\/\/shop_images\/freedmans_533x_c4d1f6bd-8e04-473f-b065-e25abaf3dd21.webp","collection_2_image":"shopify:\/\/shop_images\/AF4I6278.jpg","collection_2_name":"Hunter Bridles","collection_2_url":"","collection_3":"show-hack-bridles","collection_3_show_description":true,"collection_3_description":"Sized for purebred and Half-Arabians in both chrome and brass.","collection_3_icon":"shopify:\/\/shop_images\/freedmans_533x_c4d1f6bd-8e04-473f-b065-e25abaf3dd21.webp","collection_3_image":"shopify:\/\/shop_images\/Sparky_1.jpg","collection_3_name":"Show Hack Bridles","collection_3_url":""}},"196f4e12-dedd-497d-ba91-53d288a3bbbe":{"type":"tab","settings":{"title":"Handbags","collection_1":"outerwear","collection_1_show_description":true,"collection_1_description":"Hand-crafted with soft, pebble grained leather.","collection_1_icon":"shopify:\/\/shop_images\/freedmans_533x_c4d1f6bd-8e04-473f-b065-e25abaf3dd21.webp","collection_1_image":"shopify:\/\/shop_images\/AF4I4631_1.jpg","collection_1_name":"Soft Handbags","collection_1_url":"","collection_2":"belts","collection_2_show_description":true,"collection_2_description":"Equestrian-inspired, Italian leather handbags.","collection_2_icon":"shopify:\/\/shop_images\/freedmans_533x_c4d1f6bd-8e04-473f-b065-e25abaf3dd21.webp","collection_2_image":"shopify:\/\/shop_images\/AF4I1192.jpg","collection_2_name":"Small Structured","collection_2_url":"","collection_3":"dark-red-1","collection_3_show_description":true,"collection_3_description":"Beautiful handbags designed for on the go.","collection_3_icon":"shopify:\/\/shop_images\/freedmans_533x_c4d1f6bd-8e04-473f-b065-e25abaf3dd21.webp","collection_3_image":"shopify:\/\/shop_images\/AF4I7547.jpg","collection_3_name":"Large Structured","collection_3_url":""}}},"block_order":["0e54eeca-8779-4d33-932c-7aebf8938e0a","ad4097b8-b576-4831-b80d-2214c521057a","196f4e12-dedd-497d-ba91-53d288a3bbbe"],"settings":{"header":"Team Freedman's Favorites","margin_top":10,"margin_bottom":10}}},"order":["1656961223dfeb6294","featured-collection"]}