{"sections":{"image-with-text":{"type":"image-with-text-article","settings":{"above_the_fold":false,"section_size":"full-width","section_size_tablet":"full-width","section_size_mobile":"full-width","gap":false,"gap_tablet":false,"gap_mobile":false,"desktop_block_width":"50%","tablet_block_width":"50%","mobile_block_width":"100%","tablet_position":1,"mobile_position":1,"desktop_text_align":"left","mobile_text_align":"left","background_color":"#000000","big_title_color":"#ffffff","title_color":"#ffffff","content_color":"#ffffff","background_color_tablet":"#000000","big_title_color_tablet":"#ffffff","title_color_tablet":"#ffffff","content_color_tablet":"#ffffff","background_color_mobile":"#000000","big_title_color_mobile":"#ffffff","title_color_mobile":"#ffffff","content_color_mobile":"#ffffff"}},"main":{"type":"article-main","settings":{}},"product-recommendations":{"type":"product-recommendations","settings":{"title":"Shop Recommended Products","products_limit":10}}},"order":["image-with-text","main","product-recommendations"]}