{"sections":{"1651177393d9e3e6de":{"type":"image-with-text","blocks":{"7963290a-bfae-404f-9b67-703cca913304":{"type":"image","settings":{"image":"shopify:\/\/shop_images\/A27I0096_fdabff0b-eeca-4723-a6dc-74fe8dc1d2db.jpg","image_mobile":"shopify:\/\/shop_images\/A27I0096_fdabff0b-eeca-4723-a6dc-74fe8dc1d2db.jpg","product_1":"","product_1_horizontal":72,"product_1_vertical":89,"product_1_horizontal_tablet":81,"product_1_vertical_tablet":86,"product_1_horizontal_mobile":69,"product_1_vertical_mobile":89,"product_2":"","product_2_horizontal":50,"product_2_vertical":50,"product_2_horizontal_tablet":50,"product_2_vertical_tablet":50,"product_2_horizontal_mobile":50,"product_2_vertical_mobile":50,"product_3":"","product_3_horizontal":50,"product_3_vertical":50,"product_3_horizontal_tablet":50,"product_3_vertical_tablet":50,"product_3_horizontal_mobile":50,"product_3_vertical_mobile":50,"desktop_block_width":"50%","tablet_block_width":"50%","mobile_block_width":"100%","tablet_position":1,"mobile_position":1}},"04668504-8708-4fe3-a3a6-1ab53cb15559":{"type":"text","settings":{"desktop_text_align":"left","mobile_text_align":"center","breadcrumb":false,"big_title":"","title":"At Arabian Youth Nationals?","title_bold":true,"content":"<p>Shop Tous les Jours Performance Jods in select colors and TLJ Kids' Jods exclusively with The Hat Lady at the show! <\/p>","cta_text":"OR SHOP JODS ONLINE","cta_link":"https:\/\/freedmanharness.com\/collections\/jods","klaviyo_select":"none","cta_product_text":"","cta_product":"","cta_background_color":"#ffffff","cta_text_color":"#000000","cta_hover_background_color":"#000000","cta_hover_text_color":"#ffffff","text_below_cta":"Add to cart","cta_style":"button","cta_style_tablet":"button","cta_style_mobile":"button","background_color":"#000000","big_title_color":"#dba810","title_color":"#ffffff","content_color":"#ffffff","text_below_cta_color":"#ffffff","background_color_tablet":"#000000","big_title_color_tablet":"#dba810","title_color_tablet":"#ffffff","content_color_tablet":"#ffffff","text_below_cta_color_tablet":"#ffffff","background_color_mobile":"#000000","big_title_color_mobile":"#dba810","title_color_mobile":"#ffffff","content_color_mobile":"#ffffff","text_below_cta_color_mobile":"#ffffff","desktop_block_width":"50%","tablet_block_width":"50%","mobile_block_width":"100%","tablet_position":1,"mobile_position":1}}},"block_order":["7963290a-bfae-404f-9b67-703cca913304","04668504-8708-4fe3-a3a6-1ab53cb15559"],"settings":{"above_the_fold":false,"section_size":"full-width","section_size_tablet":"full-width","section_size_mobile":"full-width","gap":false,"gap_tablet":false,"gap_mobile":false}},"1649942094a93de79e":{"type":"featured-products","blocks":{"3426ca1b-851a-44d4-ad25-6002973fe931":{"type":"tab","settings":{"collection":"tops","collection_name":"New Short Sleeve Tops"}},"5462dc35-3ef7-4b4c-a52c-92a88f10d0b3":{"type":"tab","settings":{"collection":"bustle-tail-setting","collection_name":"Tail & Bustle Sets"}},"e102fc24-3421-4ef0-9bf7-c657f7cd1015":{"type":"tab","settings":{"collection":"gloves","collection_name":"Show & Practice Gloves"}},"3b03d96c-e539-4c8d-b43f-946cc8c35f1a":{"type":"tab","settings":{"collection":"best-selling-harness","collection_name":"Show Harness"}}},"block_order":["3426ca1b-851a-44d4-ad25-6002973fe931","5462dc35-3ef7-4b4c-a52c-92a88f10d0b3","e102fc24-3421-4ef0-9bf7-c657f7cd1015","3b03d96c-e539-4c8d-b43f-946cc8c35f1a"],"settings":{"section_header":"Some Best Sellers!","description":"Discover some of the products that our customers can't live without - your favorite essentials, exclusively from Freedman's.","margin_top":10,"margin_bottom":10}},"16497961323462acb3":{"type":"featured-collection","blocks":{"228b08e2-44e0-46c5-862d-0b6d333b61dc":{"type":"tab","settings":{"title":"Saddlery","collection_1":"saddle-seat-saddles","collection_1_show_description":true,"collection_1_description":"Now, four models! Introducing the all-new World Cup and Victory Pass HP Saddles","collection_1_icon":"shopify:\/\/shop_images\/freedmans_533x_c4d1f6bd-8e04-473f-b065-e25abaf3dd21.webp","collection_1_image":"shopify:\/\/shop_images\/94803364-22_USN__byRiyan-6302.jpg","collection_1_name":"Saddle Seat","collection_1_url":"","collection_2":"hunter-saddles-1","collection_2_show_description":true,"collection_2_description":"Shop our two hunter saddles: the Hunter SG and the all-new Centennial Hunter Saddle","collection_2_icon":"shopify:\/\/shop_images\/freedmans_533x_c4d1f6bd-8e04-473f-b065-e25abaf3dd21.webp","collection_2_image":"shopify:\/\/shop_images\/AF4I6468_social.jpg","collection_2_name":"Hunter","collection_2_url":"shopify:\/\/collections\/hunter-saddles-1","collection_3":"saddle-pads","collection_3_show_description":true,"collection_3_description":"Browse our collection of Saddle Pads","collection_3_icon":"shopify:\/\/shop_images\/freedmans_533x_c4d1f6bd-8e04-473f-b065-e25abaf3dd21.webp","collection_3_image":"shopify:\/\/shop_images\/A27I2901_1.jpg","collection_3_name":"Saddle Pads","collection_3_url":""}},"4050daeb-1e4a-4897-a685-4c89f3338bb1":{"type":"tab","settings":{"title":"Bridlework","collection_1":"full-bridles","collection_1_show_description":true,"collection_1_description":"Choose from our collection of full bridles for horses and ponies.","collection_1_icon":"shopify:\/\/shop_images\/freedmans_533x_c4d1f6bd-8e04-473f-b065-e25abaf3dd21.webp","collection_1_image":"shopify:\/\/shop_images\/Stake_Night_Bridle_with_1_BB_aceab1d5-108c-48c1-ae42-14e21c206ef3.jpg","collection_1_name":"Full Bridles","collection_1_url":"","collection_2":"hunter-bridles","collection_2_show_description":true,"collection_2_description":"Offered in a snaffle and double bridle with a padded crown.","collection_2_icon":"shopify:\/\/shop_images\/freedmans_533x_c4d1f6bd-8e04-473f-b065-e25abaf3dd21.webp","collection_2_image":"shopify:\/\/shop_images\/A27I3618.jpg","collection_2_name":"Hunter Bridles","collection_2_url":"","collection_3":"show-hack-bridles","collection_3_show_description":true,"collection_3_description":"Sized for purebred and Half-Arabians in both chrome and brass.","collection_3_icon":"shopify:\/\/shop_images\/freedmans_533x_c4d1f6bd-8e04-473f-b065-e25abaf3dd21.webp","collection_3_image":"shopify:\/\/shop_images\/Sparky_1.jpg","collection_3_name":"Show Hack Bridles","collection_3_url":""}},"3641e978-a660-410e-8c8d-0c9c2a48c513":{"type":"tab","settings":{"title":"Bags","collection_1":"handbags","collection_1_show_description":true,"collection_1_description":"Soft and structured handbags that are equestrian-inspired.","collection_1_icon":"shopify:\/\/shop_images\/freedmans_533x_c4d1f6bd-8e04-473f-b065-e25abaf3dd21.webp","collection_1_image":"shopify:\/\/shop_images\/A27I1559_1_0988f26c-2f94-4d97-ba37-07f1135f75ec.jpg","collection_1_name":"Handbags","collection_1_url":"","collection_2":"travel-bags","collection_2_show_description":true,"collection_2_description":"Take Freedman's on the road with you with our beautiful travel bags.","collection_2_icon":"shopify:\/\/shop_images\/freedmans_533x_c4d1f6bd-8e04-473f-b065-e25abaf3dd21.webp","collection_2_image":"shopify:\/\/shop_images\/A27I9429.jpg","collection_2_name":"Travel Bags","collection_2_url":"","collection_3":"equestrian-bags-totes","collection_3_show_description":true,"collection_3_description":"Bags for the every day equestrian: in the barn or at the show!","collection_3_icon":"shopify:\/\/shop_images\/freedmans_533x_c4d1f6bd-8e04-473f-b065-e25abaf3dd21.webp","collection_3_image":"shopify:\/\/shop_images\/A27I2748.jpg","collection_3_name":"Equestrian Bags","collection_3_url":""}}},"block_order":["228b08e2-44e0-46c5-862d-0b6d333b61dc","4050daeb-1e4a-4897-a685-4c89f3338bb1","3641e978-a660-410e-8c8d-0c9c2a48c513"],"settings":{"header":"Team Freedman's Favorites","margin_top":15,"margin_bottom":10}},"1650388686e423c026":{"type":"richtext","settings":{"header":"A Legacy That Dates Back Six Generations","description":"Handcraftsmanship. Quality. And Tradition in Every Stitch. This is the legacy of Freedman Harness. \nA story that started 200 years ago in 1802, and continues today with the same promise, the same commitment to excellence. Six generations of harness makers later, the modern-day Freedman’s is a brand known for its legacy work in harness, but also for its ingenuity in show horse tack and furnishings and emerging trends in handbags, belts, and performance riding apparel.\n\nThe lost art of leather artisans is not so lost at Freedman’s, where each piece of leather is hand-stitched by human hands after being sourced from some of the best tanneries in the world. The vision of these master craftsman is to create something profoundly different than those that came before them; a piece of tack that is comfortable and high quality; a fashion item that is eco-friendly and well-made; a handbag this is uniquely Freedman’s. \n\nWhile the products have changed over time, the essence remains the same: quality craftsmanship with the very finest materials. This story is uniquely Freedman’s.","cta":"Learn more","cta_url":"shopify:\/\/pages\/about","background_color":"#d9c89e","text_color":"#000000","text_align":"center","logo":"shopify:\/\/shop_images\/freedmans_9b809c8e-4112-4cff-8221-14af17ffc2b6.png","margin_bottom":2,"cta_style":"normal","klaviyo_select":"none"}},"1650546957bb9a1b8c":{"type":"featured-blog","settings":{"section_header":"More from Team Freedman's...","description":"Visit our Resource Hub for more information on products, hear from the horse industry experts that use them, and learn more about how to care for your luxury leather goods. Videos, white paper, articles, and more at your fingertips!","blog":"articles-blogs","article_count":10,"fallback_image":"shopify:\/\/shop_images\/ACT_Snap_Bridle_and_Padded_Caveson.jpg","margin_top":10,"margin_bottom":0}},"1650469903e222b235":{"type":"store-locator","blocks":{"223abede-82fe-4d68-babe-bf26f9b6ccb6":{"type":"Store","settings":{"store_image":"shopify:\/\/shop_images\/freedmans-window-sm_2aea13a1-e85c-4584-b0b3-9358dbbb897e.jpg","open_hours_more_info":"Hours of Operation","store_name":"USA\/Boutique","store_address":"206 N. Gratz St.<br>\nMidway, Kentucky<br>\n40347","store_phone":"859.846.9674","store_phone_text":"859.846.9674","hours_monday":"10:00 am to 5:00 pm","hours_tuesday":"10:00 am to 5:00 pm","hours_wednesday":"10:00 am to 5:00 pm","hours_thursday":"10:00 am to 5:00 pm","hours_friday":"10:00 am to 5:00 pm","hours_saturday":"10:00 am to 5:00 pm","hours_sunday":"CLOSED"}},"f455a1e2-ea0f-41da-99ef-19a584f713f8":{"type":"Store","settings":{"store_image":"shopify:\/\/shop_images\/AF4I1857.jpg","open_hours_more_info":"By Appointment Only","store_name":"HQ\/Manufacturing","store_address":"153 Bridgeland Ave, Unit 14<br>\nToronto, ON<br>\nCanada<br>\nM6A 2Y6","store_phone":"1.877.256.7674","store_phone_text":"1.877.256.7674","hours_monday":"8:00 am to 5:00 pm","hours_tuesday":"8:00 am to 5:00 pm","hours_wednesday":"8:00 am to 5:00 pm","hours_thursday":"8:00 am to 5:00 pm","hours_friday":"8:00 am to 4:00 pm","hours_saturday":"CLOSED","hours_sunday":"CLOSED"}},"5f0acca8-1807-4620-b7f6-45ee5bd0e1d2":{"type":"Store","settings":{"store_image":"shopify:\/\/shop_images\/WCSGdetail.jpg","open_hours_more_info":"Hours of Operation","store_name":"Bennett's Tack - Agent","store_address":"4008 SW Ward Rd<br>\nLee’s Summit, MO  <br>\n64082","store_phone":"816.380.2200","store_phone_text":"816.380.2200","hours_monday":"8:00 am to 3:00 pm","hours_tuesday":"8:00 am to 3:00 pm","hours_wednesday":"8:00 am to 3:00 pm","hours_thursday":"8:00 am to 3:00 pm","hours_friday":"8:00 am to 3:00 pm","hours_saturday":"8:00 am to 3:00 pm","hours_sunday":"8:00 am to 3:00 pm"}}},"block_order":["223abede-82fe-4d68-babe-bf26f9b6ccb6","f455a1e2-ea0f-41da-99ef-19a584f713f8","5f0acca8-1807-4620-b7f6-45ee5bd0e1d2"],"settings":{"header":"Our Locations","background_color":"#ffffff","hide_current_day_hours":true,"open_at_text":"Open at","open_until_text":"Open until","closed_text":"Closed for the day"}},"16563440525c08d232":{"type":"instafeed-custom","settings":{"title":"","heading_align":"center","cta_text":"Follow us on Instagram @freedmanharness","cta_link":"https:\/\/www.instagram.com\/freedmanharness\/","background_color":"","text_color":"","section_width":"medium"}},"8c5da503-8ba1-4430-9206-1a03e3a6293e":{"type":"Homepage-Logo","blocks":{"cc34efaa-f3e4-4c86-8e16-d4633b667ad4":{"type":"Logo","settings":{"logo_iamge":"shopify:\/\/shop_images\/AHA.jpg"}},"acfea8de-d5e1-41fb-b527-ccce88626f58":{"type":"Logo","settings":{"logo_iamge":"shopify:\/\/shop_images\/UPHA_Reflex_BlueLogo.jpg"}},"abfbb5dd-4adb-4391-9b96-0c04b9ed4cd1":{"type":"Logo","settings":{"logo_iamge":"shopify:\/\/shop_images\/AEPA_logo.jpg"}},"6677faf7-159f-49ea-8e67-df3dfb5f9839":{"type":"Logo","settings":{"logo_iamge":"shopify:\/\/shop_images\/Junior_League.jpg"}},"08b04e72-8ce5-4931-9c03-875a5525c52d":{"type":"Logo","settings":{"logo_iamge":"shopify:\/\/shop_images\/MGN_logo.jpg"}}},"block_order":["cc34efaa-f3e4-4c86-8e16-d4633b667ad4","acfea8de-d5e1-41fb-b527-ccce88626f58","abfbb5dd-4adb-4391-9b96-0c04b9ed4cd1","6677faf7-159f-49ea-8e67-df3dfb5f9839","08b04e72-8ce5-4931-9c03-875a5525c52d"],"settings":{"Heading":"We Proudly Support these Organizations"}}},"order":["1651177393d9e3e6de","1649942094a93de79e","16497961323462acb3","1650388686e423c026","1650546957bb9a1b8c","1650469903e222b235","16563440525c08d232","8c5da503-8ba1-4430-9206-1a03e3a6293e"]}