{"sections":{"16560124518236e93f":{"type":"head-banner-section","settings":{"title":"Brand Ambassadors","body":"This dedicated group of hard-working professional and amateur horsewomen are committed to the care and comfort of the horse, excellence in performance, and proudly support the Freedman's brand in and out of the saddle.This group of Freedman's advocates is happy to help answer your questions, show you their favorite products, and provide special insight into the Freedman's brand. Follow their social media accounts for product updates and special promotions throughout the year!"}},"main":{"type":"page-main","disabled":true,"settings":{"show_breadcrumb":true,"show_title":true,"show_content":true}},"16560122789763fa9a":{"type":"ambassador","blocks":{"9996cfff-cc38-41c5-af75-33a0b441ed0c":{"type":"ambassador-card","settings":{"image":"shopify:\/\/shop_images\/Luna_Square_7e870c74-0127-420b-9340-7e77ecb12e2b.jpg","ambassador_name":"ALAYNA APPLEGATE","instagram_handle":"alayna.applegate","title_one":"Assistant Trainer at DesMar Stables LLC.","title_two":"American Saddlebreds","favorite_products":"Favorite Freedman's Products","product_one":"world-cup-hp-saddle","product_two":"ladies-deer-soft-work-glove"}},"ddf4bb5b-096d-417e-b729-e15a94cb277a":{"type":"ambassador-card","settings":{"image":"shopify:\/\/shop_images\/DSC08791_square.jpg","ambassador_name":"JULIE DANIEL","instagram_handle":"danieltrainingctr","title_one":"Owner\/Trainer at Daniel Training Center & Apex Riding Academy","title_two":"Arabian & Half-Arabians","favorite_products":"Favorite Freedman's Products","product_one":"1inch-triple-stitched-halter-horsecob","product_two":"tous-le-jour-jods"}},"d5af87bd-6342-4331-85ab-865946d27e02":{"type":"ambassador-card","settings":{"image":"shopify:\/\/shop_images\/thumbnail_image002_square.jpg","ambassador_name":"KAYLEIGH MEYER","instagram_handle":"kayleigh_meyer_","title_one":"Trainer at Signature Oak Stables","title_two":"Arabian & Half-Arabians","favorite_products":"Favorite Freedman's Products","product_one":"advantage-comfort-training-padded-over-check-snap-bridle-1","product_two":"tous-le-jour-jods"}},"97066660-15ac-4bca-894c-f5b6a9668063":{"type":"ambassador-card","settings":{"image":"shopify:\/\/shop_images\/Melissa_2_square.jpg","ambassador_name":"MELISSA MOORE","instagram_handle":"melissamoore2","title_one":"Owner\/Trainer at Sunrise Stables & Model.","title_two":"American Saddlebred, Hackney, Roadster, Morgan Horse, and Dutch Harness Horses","favorite_products":"Favorite Freedman's Products","product_one":"super-grip-hunter-saddle","product_two":"copy-of-adelaide-show-jodhpur-boot-1"}},"668c3928-2659-4e07-bf8d-c3c09a5c0149":{"type":"ambassador-card","settings":{"image":"shopify:\/\/shop_images\/Merin_web.jpg","ambassador_name":"MERIN MAGGI","instagram_handle":"merin_maggi","title_one":"Owner\/Trainer at Maggi Stables.","title_two":"Morgan Horses & American Saddlebreds","favorite_products":"Favorite Freedman's Products","product_one":"advantage-comfort-training-padded-over-check-snap-bridle-1","product_two":"saddle-breast-collar"}},"4da92a39-1509-47dc-878b-f9572c81e217":{"type":"ambassador-card","settings":{"image":"shopify:\/\/shop_images\/IMG_3672_square.jpg","ambassador_name":"ELLIE REWUCKI","instagram_handle":"greatislandriding","title_one":"Assistant Trainer at Taylor River Farm & Owner\/Instructor at Great Island Riding Academy LLC","title_two":"Morgan Horses","favorite_products":"Favorite Freedman's Products","product_one":"tous-le-jour-jods","product_two":"show-running-martingale"}},"675ed549-c41c-410d-91ec-f74eb0e3aeb9":{"type":"ambassador-card","settings":{"image":"shopify:\/\/shop_images\/thumbnail_002-006-GC_rusell_email_square.jpg","ambassador_name":"SARAH RUSSELL","instagram_handle":"solaris.farm","title_one":"Owner\/Trainer at Solaris Farm","title_two":"American Saddlebreds, Morgan Horses, & Hackney Ponies","favorite_products":"Favorite Freedman's Products","product_one":"tous-le-jour-jods","product_two":"stake-night-bridle"}},"5300a4a4-d315-4c06-b0dc-6c85ba2813e8":{"type":"ambassador-card","settings":{"image":"shopify:\/\/shop_images\/186-046-KSF22_square.jpg","ambassador_name":"JACQUELINE SCHATZBERG","instagram_handle":"jacqueline.schatzberg","title_one":"Junior Exhibitor with Milestone Stables, Rosehaven Stables, Majestic Oaks Hackney Farm, and Shino Training Center ","title_two":"Morgans, Arabian\/Half-Arabians, & American Saddlebreds","favorite_products":"Favorite Freedman's Products","product_one":"tous-le-jour-jods","product_two":"team-back-pack"}},"b8d3e107-9e3c-453f-8238-33f20e4a3f1f":{"type":"ambassador-card","disabled":true,"settings":{"image":"shopify:\/\/shop_images\/Tammy_web.jpg","ambassador_name":"TAMARA COLLINS-GRINTON","instagram_handle":"earthquakearabians","title_one":"Owner\/Trainer at Earthquake","title_two":"Arabians & Half-Arabians.","favorite_products":"Favorite Freedman's Products","product_one":"super-grip-hunter-saddle","product_two":"stake-night-bridle"}}},"block_order":["9996cfff-cc38-41c5-af75-33a0b441ed0c","ddf4bb5b-096d-417e-b729-e15a94cb277a","d5af87bd-6342-4331-85ab-865946d27e02","97066660-15ac-4bca-894c-f5b6a9668063","668c3928-2659-4e07-bf8d-c3c09a5c0149","4da92a39-1509-47dc-878b-f9572c81e217","675ed549-c41c-410d-91ec-f74eb0e3aeb9","5300a4a4-d315-4c06-b0dc-6c85ba2813e8","b8d3e107-9e3c-453f-8238-33f20e4a3f1f"],"settings":{"image_icon":"shopify:\/\/shop_images\/freedmans_533x_c4d1f6bd-8e04-473f-b065-e25abaf3dd21.webp","margin_top":10,"margin_bottom":0}}},"order":["16560124518236e93f","main","16560122789763fa9a"]}