{"sections":{"main":{"type":"page-main","disabled":true,"settings":{"show_breadcrumb":true,"show_title":true,"show_content":true}},"3e10ad51-defc-411e-be66-3d0b15a4d749":{"type":"Bundle-Description","settings":{"bg_image":"shopify:\/\/shop_images\/fb-cover-June_box-NEW_SIZE.png","bg_image_mobile":"shopify:\/\/shop_images\/eblast-June_Boxing.png"}},"1685548693c8138d5d":{"type":"apps","blocks":{"1486b488-854c-4aca-8bf3-773ac361b0c3":{"type":"shopify:\/\/apps\/bundler\/blocks\/custom-bundle\/7a6ae1b8-3b16-449b-8429-8bb89a62c664","settings":{"shortcode":"6e9b"}}},"block_order":["1486b488-854c-4aca-8bf3-773ac361b0c3"],"settings":{}},"50e3efc4-4046-4ebe-8558-7be501c47ffc":{"type":"richtext-about-2","settings":{"header":"","description":"While Quantities last. No substitutions. Online Only.","cta":"","cta_url":"","background_color":"","text_color":"","text_align":"center"}}},"order":["main","3e10ad51-defc-411e-be66-3d0b15a4d749","1685548693c8138d5d","50e3efc4-4046-4ebe-8558-7be501c47ffc"]}