{"sections":{"16560124518236e93f":{"type":"head-banner-section","settings":{"title":"2023 Ambassador Trainers of the Month","body":"These horse trainers are a vital part of #TeamFreedmans. For each month in 2023 we will select and promote a horse trainer who has aided in the testing, refinement, and use of a Freedman's product and\/or uses products in their programs daily."}},"main":{"type":"page-main","disabled":true,"settings":{"show_breadcrumb":true,"show_title":true,"show_content":true}},"16560122789763fa9a":{"type":"ambassador","blocks":{"668c3928-2659-4e07-bf8d-c3c09a5c0149":{"type":"ambassador-card","settings":{"image":"shopify:\/\/shop_images\/Wendy_Potts_square.png","ambassador_name":"Wendy Griffith Potts","instagram_handle":"whistlejacketfarm","title_one":"Trainer at Whistlejacket Farm. Aided in the development and testing of the Freedman's Centennial Hunter Saddle.","title_two":"Arabian & Half- Arabian Horses","favorite_products":"Favorite Freedman's Products","product_one":"copy-of-hunter-sg-saddle","product_two":"stabil-flex-show-girth"}},"9996cfff-cc38-41c5-af75-33a0b441ed0c":{"type":"ambassador-card","settings":{"image":"shopify:\/\/shop_images\/Orrs_square.png","ambassador_name":"Evan & Mary Orr","instagram_handle":"highcaliberstables","title_one":"Owner\/Trainers at High Caliber Stables","title_two":"American Saddlebreds & Hackneys","favorite_products":"Favorite Freedman's Products","product_one":"browband-combination-trim","product_two":"world-cup-hp-saddle"}},"ddf4bb5b-096d-417e-b729-e15a94cb277a":{"type":"ambassador-card","settings":{"image":"shopify:\/\/shop_images\/Caters_square.jpg","ambassador_name":"David & Kristen Cater","instagram_handle":"caterstables","title_one":"Owners\/Trainers at Cater Stables","title_two":"American Saddlebreds & Hackneys","favorite_products":"Favorite Freedman's Products","product_one":"world-cup-hp-saddle","product_two":""}},"4da92a39-1509-47dc-878b-f9572c81e217":{"type":"ambassador-card","settings":{"image":"shopify:\/\/shop_images\/Gove_square.png","ambassador_name":"Sarah Gove","instagram_handle":"taylorriverfarm","title_one":"Trainer at Taylor River Farm, LLC","title_two":"Morgan Horses","favorite_products":"Favorite Freedman's Products","product_one":"world-cup-super-grip-saddle","product_two":"tous-le-jour-jods"}},"5300a4a4-d315-4c06-b0dc-6c85ba2813e8":{"type":"ambassador-card","settings":{"image":"shopify:\/\/shop_images\/Ramsay_square.png","ambassador_name":"JONATHAN RAMSAY","instagram_handle":"stachowskifarm","title_one":"Trainer at Stachowski Farm - California","title_two":"Arabian\/Half-Arabians & American Saddlebreds","favorite_products":"Favorite Freedman's Products","product_one":"victory-pass-ds-show-hack-black-saddle-21","product_two":"copy-of-hunter-sg-saddle"}},"d5af87bd-6342-4331-85ab-865946d27e02":{"type":"ambassador-card","disabled":true,"settings":{"image":"shopify:\/\/shop_images\/Murphy_web.jpg","ambassador_name":"MURPHY McSEMEK","instagram_handle":"mjmmac21","title_one":"Soderberg Equine & Marcos Stables. Sales Manager for National Horseman. \"As someone that is at horse shows all the time, including Freedman's products instantly elevates any moment whether on or off a horse. The brand represents a commitment to excellence and I can always rely on the quality and durability of any of their products.\"","title_two":"American Saddlebreds, Morgan Horses, Hackney Ponies, & Arabians\/Half-Arabians","favorite_products":"Favorite Freedman's Products","product_one":"world-cup-super-grip-saddle","product_two":"freedmans-signature-world-cup-super-grip-ball-cap"}},"97066660-15ac-4bca-894c-f5b6a9668063":{"type":"ambassador-card","disabled":true,"settings":{"image":"shopify:\/\/shop_images\/SarahB_web.png","ambassador_name":"SARAH BARCLAY","instagram_handle":"sarahmbarclay","title_one":"Assistant Trainer\/Instructor at Select Show Horses. \"You simply cannot find better quality tack or equipment to help both you and your horse perform at their best.\"","title_two":"American Saddlebreds & Arabian\/Half-Arabians","favorite_products":"Favorite Freedman's Products","product_one":"world-cup-super-grip-saddle","product_two":"tous-le-jour-jods"}}},"block_order":["668c3928-2659-4e07-bf8d-c3c09a5c0149","9996cfff-cc38-41c5-af75-33a0b441ed0c","ddf4bb5b-096d-417e-b729-e15a94cb277a","4da92a39-1509-47dc-878b-f9572c81e217","5300a4a4-d315-4c06-b0dc-6c85ba2813e8","d5af87bd-6342-4331-85ab-865946d27e02","97066660-15ac-4bca-894c-f5b6a9668063"],"settings":{"image_icon":"shopify:\/\/shop_images\/freedmans_533x_c4d1f6bd-8e04-473f-b065-e25abaf3dd21.webp","margin_top":10,"margin_bottom":0}}},"order":["16560124518236e93f","main","16560122789763fa9a"]}