{"sections":{"main":{"type":"product-main-browband","settings":{"show_dynamic_checkout":false,"show_vendor":false,"show_description":true}},"testimonials":{"type":"testimonials","blocks":{"ca4eebaf-eff7-4d8b-ad0a-4fb8b1cb075e":{"type":"testimonial","settings":{"testimonial_image":"shopify:\/\/shop_images\/FreedmanLogo-horseshoeonly.jpg","testimonial_title":"Kristen Cater, Cater Stables","testimonial_text":"“The new World Cup HP is state of the art equipment. Freedman’s has yet again taken saddle and rider fit and set up to a whole new level. The new bar system allows for more precise adjustments to insure your rider is in the most optimal position for them and their horse. All while maintaining the quality leather, seat and grip of the World Cup Super Grip. The stirrup bar adjustments are easy to use and the saddle maintains the same great look as before. We love it!”"}},"8ee87cec-ea70-4c77-9c40-1d0091e11e00":{"type":"testimonial","settings":{"testimonial_image":"shopify:\/\/shop_images\/FreedmanLogo-horseshoeonly.jpg","testimonial_title":"Jimmy Stachowski, Stachowski Farms","testimonial_text":"“Freedman's new World Cup HP Saddle is a level above anything else out there. The adjustable bar system is new and has five positions that allow us to put our riders in the leg position that best suits them and their horse. It's the same great saddle, but with improved function and fit for the rider.\""}},"3e0fa8cd-d62d-4c6e-8f2f-1cb8702390dd":{"type":"testimonial","settings":{"testimonial_image":"shopify:\/\/shop_images\/FreedmanLogo-horseshoeonly.jpg","testimonial_title":"Merin Maggi, Maggi Stables","testimonial_text":"“I switched to the Hunter SG Saddle and have had amazing results. My old saddle, which was designed for jumping, was a little more slick and not as much comfort and stability. The difference I notice in the Freedman’s, is you have shoulder freedom, you have comfort, a deeper seat, and a slightly larger saddle…you get a better performance from the horse and the rider.”"}}},"block_order":["ca4eebaf-eff7-4d8b-ad0a-4fb8b1cb075e","8ee87cec-ea70-4c77-9c40-1d0091e11e00","3e0fa8cd-d62d-4c6e-8f2f-1cb8702390dd"],"settings":{"header":"Ask the Experts Why They Choose Freedman's"}},"1651075767d7b45568":{"type":"product-recommendations","settings":{"title":"Other Products You Might Like","products_limit":10}},"16588592844fe3f902":{"type":"reviews","settings":{}}},"order":["main","testimonials","1651075767d7b45568","16588592844fe3f902"]}