{
  "form": {
    "id": "xPtjkj",
    "name": "Registration",
    "handle": "registration-5606",
    "theme_id": "129544782001",
    "settings": {
      "locales": {
        "back": "Back",
        "next": "Next",
        "cancel": "Cancel",
        "edit_link": "Edit account",
        "fix_errors": "Please fix errors before continuing",
        "is_invalid": "{{label}} is invalid",
        "email_taken": "Email has already been taken",
        "phone_taken": "Phone number has already been taken",
        "server_error": "Could not save form, please try again later",
        "step_counter": "Step {{current}} of {{total}}",
        "verify_email": "Check your email for a verification link to activate your account.",
        "not_available": "An error occurred while saving your account, please try again in a few minutes.",
        "create_account": "Create account",
        "update_account": "Update account",
        "recaptcha_error": "Challenge verification failed, please try again",
        "creating_account": "Creating account...",
        "updating_account": "Updating account...",
        "too_many_requests": "We are experiencing high traffic, please try again later.",
        "reset_password_link": "Reset your password",
        "invalid_email_domain": "Email contains an invalid domain name",
        "reset_password_email_sent": "Check your inbox for a link to reset your password.",
        "reset_password_too_many_attempts": "You tried to reset your password too many times. Please wait and try again later."
      },
      "whitelistedTags": "",
      "markRequiredFields": true,
      "displayCancelButton": true,
      "goBackAfterSubmission": false,
      "cancelButtonRedirectUrl": "\/account\/login",
      "postSubmissionRedirectUrl": "\/account",
      "goBackAfterCancelButtonClick": false
    },
    "install_locations": [
      "account_edit"
    ],
    "created_at": "2022-08-04T18:19:31Z",
    "updated_at": "2022-08-04T19:22:52Z",
    "revision_ids": [
      "gyTXkkz",
      "l5TKBBZ",
      "AdTqwwz",
      "LbT1rr2",
      "Z6TannK",
      "7kTowwv",
      "GYTGNNd",
      "vbTdeeO",
      "06Tan5P",
      "gyTXkyz",
      "orTMmmO",
      "OzT2oPA",
      "kdT2vvz",
      "akT2qqY",
      "6XTga6n",
      "B5TvkO1",
      "mLTg237",
      "VNTznZM",
      "3qTZA8M",
      "DRTYpa9",
      "AdTqwBz"
    ]
  },
  "revision": {
    "id": "gyTXkkz",
    "created_at": "2022-08-04T19:33:22Z",
    "updated_at": "2022-08-04T19:33:22Z",
    "embed_version": "4.10.7",
    "published_at": null,
    "fields": [
      {
        "id": 487776,
        "dataColumn": {
          "key": "status",
          "label": "Status",
          "dataType": "single_line_text"
        },
        "parentId": null,
        "position": 0,
        "type": "dropdown",
        "stepId": 122705,
        "default": "",
        "label": "Status",
        "placeholder": "Select an option...",
        "description": "",
        "enum": [
          {
            "value": "Professional\/Trainer\/Coach",
            "label": "Professional\/Trainer\/Coach"
          },
          {
            "value": "Amateur\/Youth",
            "label": "Amateur\/Youth"
          },
          {
            "value": "Fan\/Family Supporter",
            "label": "Fan\/Family Supporter"
          },
          {
            "value": "Other",
            "label": "Other"
          }
        ],
        "appearance": {
          "width": 6
        },
        "settings": {
          "end": 10,
          "start": 1,
          "enumType": "list",
          "separateValues": false
        },
        "validations": [

        ],
        "sensitive": null,
        "preset": null,
        "autotag": null
      },
      {
        "id": 178780,
        "dataColumn": {
          "key": "affiliated_associations",
          "label": "Affiliated associations",
          "dataType": "single_line_text"
        },
        "parentId": null,
        "position": 1,
        "type": "dropdown",
        "stepId": 122705,
        "default": "",
        "label": "Affiliated associations",
        "placeholder": "Select an option...",
        "description": "",
        "enum": [
          {
            "value": "UPHA",
            "label": "UPHA"
          },
          {
            "value": "AEPA",
            "label": "AEPA"
          },
          {
            "value": "AMHA",
            "label": "AMHA"
          },
          {
            "value": "AHA",
            "label": "AHA"
          },
          {
            "value": "ASR",
            "label": "ASR"
          },
          {
            "value": "AHHS",
            "label": "AHHS"
          },
          {
            "value": "ASHA",
            "label": "ASHA"
          },
          {
            "value": "KHC",
            "label": "KHC"
          },
          {
            "value": "AHDF",
            "label": "AHDF"
          },
          {
            "value": "USEF",
            "label": "USEF"
          },
          {
            "value": "Other (fill in)",
            "label": "Other (fill in)"
          }
        ],
        "appearance": {
          "width": 6
        },
        "settings": {
          "end": 10,
          "start": 1,
          "enumType": "list",
          "separateValues": false
        },
        "validations": [

        ],
        "sensitive": null,
        "preset": null,
        "autotag": null
      },
      {
        "id": 139647,
        "dataColumn": {
          "key": "birthday_month",
          "label": "Birthday month",
          "dataType": "single_line_text"
        },
        "parentId": null,
        "position": 10,
        "type": "dropdown",
        "stepId": 122705,
        "default": "",
        "label": "Birthday month",
        "placeholder": "Select an option...",
        "description": "",
        "enum": [
          {
            "value": "Jan",
            "label": "Jan"
          },
          {
            "value": "Feb",
            "label": "Feb"
          },
          {
            "value": "Mar",
            "label": "Mar"
          },
          {
            "value": "Apr",
            "label": "Apr"
          },
          {
            "value": "May",
            "label": "May"
          },
          {
            "value": "Jun",
            "label": "Jun"
          },
          {
            "value": "Jul",
            "label": "Jul"
          },
          {
            "value": "Aug",
            "label": "Aug"
          },
          {
            "value": "Sept",
            "label": "Sept"
          },
          {
            "value": "Oct",
            "label": "Oct"
          },
          {
            "value": "Nov",
            "label": "Nov"
          },
          {
            "value": "Dec",
            "label": "Dec"
          }
        ],
        "appearance": {
          "width": 6
        },
        "settings": {
          "end": 10,
          "start": 1,
          "enumType": "list",
          "separateValues": false
        },
        "validations": [

        ],
        "sensitive": null,
        "preset": null,
        "autotag": null
      },
      {
        "id": 167793,
        "dataColumn": {
          "key": "of_horses_in_training",
          "label": "# of horses in training",
          "dataType": "single_line_text"
        },
        "parentId": null,
        "position": 11,
        "type": "dropdown",
        "stepId": 122705,
        "default": "",
        "label": "# of horses in training",
        "placeholder": "Select an option...",
        "description": "",
        "enum": [
          {
            "value": "1",
            "label": "1"
          },
          {
            "value": "2-5",
            "label": "2-5"
          },
          {
            "value": "6-10",
            "label": "6-10"
          },
          {
            "value": "11+",
            "label": "11+"
          }
        ],
        "appearance": {
          "width": 6
        },
        "settings": {
          "end": 10,
          "start": 1,
          "enumType": "list",
          "separateValues": false
        },
        "validations": [

        ],
        "sensitive": null,
        "preset": null,
        "autotag": null
      },
      {
        "id": 213650,
        "dataColumn": {
          "key": "gender_1",
          "label": "Gender",
          "dataType": "single_line_text"
        },
        "parentId": null,
        "position": 12,
        "type": "dropdown",
        "stepId": 122705,
        "default": "",
        "label": "Gender",
        "placeholder": "Select an option...",
        "description": "",
        "enum": [
          {
            "value": "Male",
            "label": "Male"
          },
          {
            "value": "Female",
            "label": "Female"
          },
          {
            "value": "Prefer not to say",
            "label": "Prefer not to say"
          }
        ],
        "appearance": {
          "width": 6
        },
        "settings": {
          "end": 10,
          "start": 1,
          "enumType": "list",
          "separateValues": false
        },
        "validations": [

        ],
        "sensitive": null,
        "preset": null,
        "autotag": null
      },
      {
        "id": 315444,
        "dataColumn": {
          "key": "shows_you_regularly_attend",
          "label": "Shows you regularly attend",
          "dataType": "text"
        },
        "parentId": null,
        "position": 13,
        "type": "textarea",
        "stepId": 122705,
        "default": "",
        "label": "Shows you regularly attend",
        "placeholder": "Fill in",
        "description": "",
        "enum": [

        ],
        "appearance": {
          "width": 6
        },
        "settings": {
          "rows": 1
        },
        "validations": [

        ],
        "sensitive": null,
        "preset": null,
        "autotag": null
      },
      {
        "id": 216651,
        "dataColumn": {
          "key": "of_people_who_rideshow_in",
          "label": "# of people who ride\/show in family",
          "dataType": "single_line_text"
        },
        "parentId": null,
        "position": 14,
        "type": "dropdown",
        "stepId": 122705,
        "default": "",
        "label": "# of people who ride\/show in family",
        "placeholder": "Select an option...",
        "description": "",
        "enum": [
          {
            "value": "1",
            "label": "1"
          },
          {
            "value": "2-4",
            "label": "2-4"
          }
        ],
        "appearance": {
          "width": 6
        },
        "settings": {
          "end": 10,
          "start": 1,
          "enumType": "list",
          "separateValues": false
        },
        "validations": [

        ],
        "sensitive": null,
        "preset": null,
        "autotag": null
      },
      {
        "id": 180168,
        "dataColumn": {
          "key": "do_you_run_a_lesson_progra",
          "label": "Do you run a lesson program",
          "dataType": "single_line_text"
        },
        "parentId": null,
        "position": 15,
        "type": "dropdown",
        "stepId": 122705,
        "default": "",
        "label": "Do you run a lesson program",
        "placeholder": "Select an option...",
        "description": "",
        "enum": [
          {
            "value": "Yen",
            "label": "Yen"
          },
          {
            "value": "No",
            "label": "No"
          }
        ],
        "appearance": {
          "width": 6
        },
        "settings": {
          "end": 10,
          "start": 1,
          "enumType": "list",
          "separateValues": false
        },
        "validations": [

        ],
        "sensitive": null,
        "preset": null,
        "autotag": null
      },
      {
        "id": 693553,
        "dataColumn": {
          "key": "most_utilized_freedmans_pr",
          "label": "Most utilized Freedman's Products",
          "dataType": "single_line_text"
        },
        "parentId": null,
        "position": 16,
        "type": "dropdown",
        "stepId": 122705,
        "default": "",
        "label": "Most utilized Freedman's Products",
        "placeholder": "Select an option...",
        "description": "",
        "enum": [
          {
            "value": "Harness",
            "label": "Harness"
          },
          {
            "value": "Saddles",
            "label": "Saddles"
          },
          {
            "value": "Bridles\/Brow Bands",
            "label": "Bridles\/Brow Bands"
          },
          {
            "value": "Training Equipment",
            "label": "Training Equipment"
          },
          {
            "value": "Saddle Pads",
            "label": "Saddle Pads"
          },
          {
            "value": "Stirrups\/Irons",
            "label": "Stirrups\/Irons"
          },
          {
            "value": "Reins\/Cavesons",
            "label": "Reins\/Cavesons"
          },
          {
            "value": "Apparel",
            "label": "Apparel"
          }
        ],
        "appearance": {
          "width": 6
        },
        "settings": {
          "end": 10,
          "start": 1,
          "enumType": "list",
          "separateValues": false
        },
        "validations": [

        ],
        "sensitive": null,
        "preset": null,
        "autotag": null
      },
      {
        "id": 859942,
        "dataColumn": {
          "key": "breed",
          "label": "Breed",
          "dataType": "single_line_text"
        },
        "parentId": null,
        "position": 2,
        "type": "dropdown",
        "stepId": 122705,
        "default": "",
        "label": "Breed",
        "placeholder": "Select an option...",
        "description": "",
        "enum": [
          {
            "value": "Amer. Saddlebred",
            "label": "Amer. Saddlebred"
          },
          {
            "value": "Morgan",
            "label": "Morgan"
          },
          {
            "value": "Arabian\/Half-Arabian",
            "label": "Arabian\/Half-Arabian"
          },
          {
            "value": "Hackney",
            "label": "Hackney"
          },
          {
            "value": "Freisian",
            "label": "Freisian"
          },
          {
            "value": "Roadster",
            "label": "Roadster"
          },
          {
            "value": "DHH",
            "label": "DHH"
          },
          {
            "value": "Other (fill in)",
            "label": "Other (fill in)"
          }
        ],
        "appearance": {
          "width": 6
        },
        "settings": {
          "end": 10,
          "start": 1,
          "enumType": "list",
          "separateValues": false
        },
        "validations": [

        ],
        "sensitive": null,
        "preset": null,
        "autotag": null
      },
      {
        "id": 228683,
        "dataColumn": {
          "key": "discipline",
          "label": "Discipline",
          "dataType": "single_line_text"
        },
        "parentId": null,
        "position": 3,
        "type": "dropdown",
        "stepId": 122705,
        "default": "",
        "label": "Discipline",
        "placeholder": "Select an option...",
        "description": "",
        "enum": [
          {
            "value": "Carriage",
            "label": "Carriage"
          },
          {
            "value": "Saddleseat\/Equitation\/English",
            "label": "Saddleseat\/Equitation\/English"
          },
          {
            "value": "Hunter",
            "label": "Hunter"
          },
          {
            "value": "In Hand\/Halter",
            "label": "In Hand\/Halter"
          },
          {
            "value": "Breed driving",
            "label": "Breed driving"
          },
          {
            "value": "Other (fill in)",
            "label": "Other (fill in)"
          }
        ],
        "appearance": {
          "width": 6
        },
        "settings": {
          "end": 10,
          "start": 1,
          "enumType": "list",
          "separateValues": false
        },
        "validations": [

        ],
        "sensitive": null,
        "preset": null,
        "autotag": null
      },
      {
        "id": 167861,
        "dataColumn": {
          "key": "key_product_group",
          "label": "Key product group",
          "dataType": "single_line_text"
        },
        "parentId": null,
        "position": 4,
        "type": "dropdown",
        "stepId": 122705,
        "default": "",
        "label": "Key product group",
        "placeholder": "Select an option...",
        "description": "",
        "enum": [
          {
            "value": "Saddles",
            "label": "Saddles"
          },
          {
            "value": "Bridles",
            "label": "Bridles"
          },
          {
            "value": "Harness",
            "label": "Harness"
          },
          {
            "value": "Apparel",
            "label": "Apparel"
          },
          {
            "value": "Stable",
            "label": "Stable"
          },
          {
            "value": "Handbags\/Travel Bags",
            "label": "Handbags\/Travel Bags"
          },
          {
            "value": "Fashion",
            "label": "Fashion"
          },
          {
            "value": "Training Equipment",
            "label": "Training Equipment"
          },
          {
            "value": "Footwear",
            "label": "Footwear"
          },
          {
            "value": "Hunter",
            "label": "Hunter"
          }
        ],
        "appearance": {
          "width": 6
        },
        "settings": {
          "end": 10,
          "start": 1,
          "enumType": "list",
          "separateValues": false
        },
        "validations": [

        ],
        "sensitive": null,
        "preset": null,
        "autotag": null
      },
      {
        "id": 910171,
        "dataColumn": {
          "key": "referral_source",
          "label": "Referral source",
          "dataType": "single_line_text"
        },
        "parentId": null,
        "position": 5,
        "type": "dropdown",
        "stepId": 122705,
        "default": "",
        "label": "Referral source",
        "placeholder": "Select an option...",
        "description": "",
        "enum": [
          {
            "value": "Trainer",
            "label": "Trainer"
          },
          {
            "value": "Friend",
            "label": "Friend"
          },
          {
            "value": "Barn-mate",
            "label": "Barn-mate"
          },
          {
            "value": "Competitor",
            "label": "Competitor"
          },
          {
            "value": "Google",
            "label": "Google"
          },
          {
            "value": "Association",
            "label": "Association"
          },
          {
            "value": "Advertising (Print)",
            "label": "Advertising (Print)"
          },
          {
            "value": "Direct Mail",
            "label": "Direct Mail"
          },
          {
            "value": "Lookbook",
            "label": "Lookbook"
          },
          {
            "value": "Trade Show Booth",
            "label": "Trade Show Booth"
          },
          {
            "value": "Other (fill in)",
            "label": "Other (fill in)"
          },
          {
            "value": "Social (fill in)",
            "label": "Social (fill in)"
          }
        ],
        "appearance": {
          "width": 6
        },
        "settings": {
          "end": 10,
          "start": 1,
          "enumType": "list",
          "separateValues": false
        },
        "validations": [

        ],
        "sensitive": null,
        "preset": null,
        "autotag": null
      },
      {
        "id": 168366,
        "dataColumn": {
          "key": "preferred_communication",
          "label": "New dropdown field",
          "dataType": "single_line_text"
        },
        "parentId": null,
        "position": 6,
        "type": "dropdown",
        "stepId": 122705,
        "default": "",
        "label": "Preferred communication",
        "placeholder": "Select an option...",
        "description": "",
        "enum": [
          {
            "value": "Email",
            "label": "Email"
          },
          {
            "value": "Text",
            "label": "Text"
          },
          {
            "value": "Instagram",
            "label": "Instagram"
          },
          {
            "value": "Facebook",
            "label": "Facebook"
          },
          {
            "value": "Phone Call",
            "label": "Phone Call"
          }
        ],
        "appearance": {
          "width": 6
        },
        "settings": {
          "end": 10,
          "start": 1,
          "enumType": "list",
          "separateValues": false
        },
        "validations": [

        ],
        "sensitive": null,
        "preset": null,
        "autotag": null
      },
      {
        "id": 826059,
        "dataColumn": {
          "key": "shows_freedmans_attends",
          "label": "Shows Freedman's attends",
          "dataType": "single_line_text"
        },
        "parentId": null,
        "position": 7,
        "type": "dropdown",
        "stepId": 122705,
        "default": "",
        "label": "Shows Freedman's attends",
        "placeholder": "Select an option...",
        "description": "",
        "enum": [
          {
            "value": "Scottsdale",
            "label": "Scottsdale"
          },
          {
            "value": "UPHA Convention",
            "label": "UPHA Convention"
          },
          {
            "value": "Region 14",
            "label": "Region 14"
          },
          {
            "value": "US Nationals",
            "label": "US Nationals"
          },
          {
            "value": "Morgan GN",
            "label": "Morgan GN"
          },
          {
            "value": "World's Champ HS",
            "label": "World's Champ HS"
          },
          {
            "value": "Lexington Jr League",
            "label": "Lexington Jr League"
          },
          {
            "value": "NEMHS",
            "label": "NEMHS"
          }
        ],
        "appearance": {
          "width": 6
        },
        "settings": {
          "end": 10,
          "start": 1,
          "enumType": "list",
          "separateValues": false
        },
        "validations": [

        ],
        "sensitive": null,
        "preset": null,
        "autotag": null
      },
      {
        "id": 155560,
        "dataColumn": {
          "key": "shopping_channel",
          "label": "Shopping channel",
          "dataType": "single_line_text"
        },
        "parentId": null,
        "position": 8,
        "type": "dropdown",
        "stepId": 122705,
        "default": "",
        "label": "Shopping channel",
        "placeholder": "Select an option...",
        "description": "",
        "enum": [
          {
            "value": "Website",
            "label": "Website"
          },
          {
            "value": "Shows",
            "label": "Shows"
          },
          {
            "value": "Phone KY",
            "label": "Phone KY"
          },
          {
            "value": "Phone TO",
            "label": "Phone TO"
          },
          {
            "value": "Via Trainer",
            "label": "Via Trainer"
          },
          {
            "value": "Shop KY",
            "label": "Shop KY"
          },
          {
            "value": "Social",
            "label": "Social"
          },
          {
            "value": "TBT",
            "label": "TBT"
          }
        ],
        "appearance": {
          "width": 6
        },
        "settings": {
          "end": 10,
          "start": 1,
          "enumType": "list",
          "separateValues": false
        },
        "validations": [

        ],
        "sensitive": null,
        "preset": null,
        "autotag": null
      },
      {
        "id": 106839,
        "dataColumn": {
          "key": "sizing",
          "label": "Sizing",
          "dataType": "single_line_text"
        },
        "parentId": null,
        "position": 9,
        "type": "dropdown",
        "stepId": 122705,
        "default": "",
        "label": "Sizing",
        "placeholder": "Select an option...",
        "description": "",
        "enum": [
          {
            "value": "XXS",
            "label": "XXS"
          },
          {
            "value": "XS",
            "label": "XS"
          },
          {
            "value": "S",
            "label": "S"
          },
          {
            "value": "M",
            "label": "M"
          },
          {
            "value": "L",
            "label": "L"
          },
          {
            "value": "XL",
            "label": "XL"
          },
          {
            "value": "XXL",
            "label": "XXL"
          },
          {
            "value": "Youth?",
            "label": "Youth?"
          }
        ],
        "appearance": {
          "width": 6
        },
        "settings": {
          "end": 10,
          "start": 1,
          "enumType": "list",
          "separateValues": false
        },
        "validations": [

        ],
        "sensitive": null,
        "preset": null,
        "autotag": null
      },
      {
        "id": 131816,
        "dataColumn": {
          "key": "first_name",
          "label": "First name",
          "dataType": "text"
        },
        "parentId": null,
        "position": 0,
        "type": "text",
        "stepId": 146205,
        "default": "",
        "label": "First name",
        "placeholder": "First name",
        "description": "",
        "enum": null,
        "appearance": {
          "width": 12
        },
        "settings": {
          "hideLabel": true
        },
        "validations": [
          {
            "operator": "not_blank",
            "comparand": "",
            "errorMessage": "Must not be blank",
            "metadata": {
              "hiddenInApp": true
            }
          }
        ],
        "sensitive": false,
        "preset": "first_name",
        "autotag": null
      },
      {
        "id": 502085,
        "dataColumn": {
          "key": "last_name",
          "label": "Last name",
          "dataType": "text"
        },
        "parentId": null,
        "position": 1,
        "type": "text",
        "stepId": 146205,
        "default": "",
        "label": "Last name",
        "placeholder": "Last name",
        "description": null,
        "enum": null,
        "appearance": {
          "width": 12
        },
        "settings": {
          "hideLabel": true
        },
        "validations": [
          {
            "operator": "not_blank",
            "comparand": "",
            "errorMessage": "Must not be blank",
            "metadata": {
              "hiddenInApp": true
            }
          }
        ],
        "sensitive": null,
        "preset": "last_name",
        "autotag": null
      },
      {
        "id": 102443,
        "dataColumn": {
          "key": "email",
          "label": "Email address",
          "dataType": "email"
        },
        "parentId": null,
        "position": 2,
        "type": "email",
        "stepId": 146205,
        "default": "",
        "label": "Email",
        "placeholder": "Email",
        "description": null,
        "enum": null,
        "appearance": {
          "width": 12
        },
        "settings": {
          "hideLabel": true
        },
        "validations": [
          {
            "operator": "is_valid_email",
            "comparand": null,
            "errorMessage": "Please provide a valid email address"
          },
          {
            "operator": "not_blank",
            "comparand": "",
            "errorMessage": "Must not be blank",
            "metadata": {
              "hiddenInApp": true
            }
          }
        ],
        "sensitive": null,
        "preset": "email_address",
        "autotag": null
      },
      {
        "id": 125141,
        "dataColumn": {
          "key": "password",
          "label": "Password",
          "dataType": "text"
        },
        "parentId": null,
        "position": 3,
        "type": "text",
        "stepId": 146205,
        "default": "",
        "label": "Password",
        "placeholder": "Password",
        "description": null,
        "enum": null,
        "appearance": {
          "width": 12
        },
        "settings": {
          "hideLabel": true
        },
        "validations": [
          {
            "operator": "not_blank",
            "comparand": "",
            "errorMessage": "Must not be blank",
            "metadata": {
              "hiddenInApp": true
            }
          },
          {
            "operator": "longer_than",
            "comparand": 5,
            "errorMessage": "Password is too short",
            "metadata": {
              "mandatory": true,
              "staticOperator": true,
              "comparandFieldProps": {
                "min": 5
              }
            }
          }
        ],
        "sensitive": true,
        "preset": "password",
        "autotag": null
      },
      {
        "id": 743932,
        "dataColumn": {
          "key": "password_confirmation",
          "label": "Password confirmation",
          "dataType": "text"
        },
        "parentId": null,
        "position": 4,
        "type": "password_confirmation",
        "stepId": 146205,
        "default": "",
        "label": "Password confirmation",
        "placeholder": "Password confirmation",
        "description": "",
        "enum": [

        ],
        "appearance": {
          "width": 12
        },
        "settings": {
          "hideLabel": true,
          "passwordMatchErrorMessage": "Must match password"
        },
        "validations": [

        ],
        "sensitive": true,
        "preset": "password_confirmation",
        "autotag": null
      },
      {
        "id": 168036,
        "dataColumn": {
          "key": "accepts_marketing",
          "label": "Subscribe to our newsletter",
          "dataType": "boolean"
        },
        "parentId": null,
        "position": 5,
        "type": "checkbox",
        "stepId": 146205,
        "default": "",
        "label": "Subscribe to our newsletter",
        "placeholder": "",
        "description": "",
        "enum": [

        ],
        "appearance": {
          "width": 12
        },
        "settings": {
        },
        "validations": [

        ],
        "sensitive": null,
        "preset": "accepts_marketing",
        "autotag": null
      }
    ],
    "steps": [
      {
        "id": 146205,
        "title": "Step 1",
        "description": ""
      },
      {
        "id": 122705,
        "title": "Step 2",
        "description": ""
      }
    ],
    "rules": [

    ]
  }
}
