{"current":{"button_background_color":"#ffffff","button_border_color":"#000000","button_text_color":"#000000","button_background_color_hover":"#000000","button_border_color_hover":"#000000","button_background_color_bold":"#000000","button_border_color_bold":"#000000","button_border_color_hover_bold":"#000000","button_text_color_hover_bold":"#000000","header_background_color":"#fff","header_text_color":"#000000","submenu_background_color":"#e6e6e6","submenu_text_color":"#000000","main_text_color":"#000000","footer_text_color":"#000000","type_header_font":"playfair_display_n4","type_header_font_custom":"","type_body_font":"itc_caslon_no_224_n4","type_body_font_custom":"","base_font_size":16,"mobile_base_font_size":16,"header_font_size":2.5,"social_twitter_link":"","social_facebook_link":"https:\/\/www.facebook.com\/freedmanharness","social_pinterest_link":"https:\/\/www.pinterest.ca\/Freedman_Harness\/","social_instagram_link":"https:\/\/www.instagram.com\/freedmanharness\/","social_tiktok_link":"","social_snapchat_link":"","social_youtube_link":"https:\/\/www.youtube.com\/c\/FreedmanHarness","social_vimeo_link":"","favicon":"shopify:\/\/shop_images\/FreedmanLogo-horseshoeonly.jpg","announcement_bar_position":"above","event_url":"shopify:\/\/blogs\/on-the-road","need_help_url":"shopify:\/\/pages\/contact-us","enable_cart_goal":false,"checkout_logo_image":"shopify:\/\/shop_images\/freedmans-logo-header_x320_032e71e2-b65a-4e9d-a4a6-69be12a1d880.jpg","checkout_logo_size":"large","checkout_sidebar_background_color":"#fafafa","checkout_heading_font":"Playfair Display","checkout_body_font":"Open Sans","checkout_accent_color":"#000000","checkout_button_color":"#000000","app_wk_enabled":true,"app_wk_login_required":false,"app_wk_icon":"heart","app_wk_col_bg_shape":"square","app_wk_share_position":"top","app_wk_products_per_row":"4","sections":{"announcement-bar":{"type":"announcement-bar","blocks":{"a9ca4312-23ff-4e3f-a278-07da1ab60642":{"type":"announcement","disabled":true,"settings":{"text":"We are closed on Monday May 29 for Memorial day. Shipments will resume Tuesday May 30th.  Enjoy your Memorial Day Weekend!","link":"","background_color":"#183028","text_color":"#d4af37","enable_event":false,"enable_need_help":false}},"bf9ff0cc-7ba0-47e0-ac07-e7d72c36ca35":{"type":"announcement","settings":{"text":"Shop the Victory Pass DS Saddle Special - for a LIMITED TIME!","link":"https:\/\/freedmanharness.com\/a\/bundles\/victory-pass-ds-saddle-bundle-66nz","background_color":"#183028","text_color":"#dba810","enable_event":false,"enable_need_help":false}},"eca3513a-2658-4339-b14f-35dcc298959d":{"type":"announcement","settings":{"text":"Check Out Where Team Freedman's will be in 2023!","link":"https:\/\/freedmanharness.com\/blogs\/on-the-road\/on-the-road-with-team-freedman-s-in-2023","background_color":"#000000","text_color":"#ffffff","enable_event":true,"enable_need_help":false}}},"block_order":["a9ca4312-23ff-4e3f-a278-07da1ab60642","bf9ff0cc-7ba0-47e0-ac07-e7d72c36ca35","eca3513a-2658-4339-b14f-35dcc298959d"],"settings":{}},"header":{"type":"header","settings":{"logo":"shopify:\/\/shop_images\/FreedmanLogofullnotag_baca6b3d-0209-465e-a453-b20be933699e.gif","logo_svg":"","menu":"new-site-main-menu","enable_sticky_header":true,"gift_card_link":""}},"footer":{"type":"footer","blocks":{"4ac9c923-c2a9-4635-9a61-dc0e00a2ace3":{"type":"newsletter","settings":{"title":"Join Freedman’s World","description":"<p>Sign up for the Freedman’s newsletter to receive information on latest products, events, and promotions.<\/p>","show_social_media":false,"desktop_block_width":"30%","tablet_block_width":"auto","tablet_position":1,"mobile_block_width":"1","mobile_position":0}},"8836c050-4832-4653-a3ce-4c482a87bef5":{"type":"menu","settings":{"menu-header":"Customer Service","menu":"footer-test","desktop_block_width":"30%","tablet_block_width":"auto","tablet_position":1,"mobile_block_width":"100%","mobile_position":1}}},"block_order":["4ac9c923-c2a9-4635-9a61-dc0e00a2ace3","8836c050-4832-4653-a3ce-4c482a87bef5"],"settings":{"show_social_media":true}},"indirect-translations":{"type":"indirect-translations","blocks":{"2f56c0f8-4a65-4842-9858-d99ea7f0b991":{"type":"translation","settings":{"title":"Kiwi","css_selector":"._ks_text, .ks-modal-header .modal-title-header, .ks-table-cell, .ks-modal-header .modal-title-sub-header, .ks-html-content","innerText":true,"translation":"","attr":"","notHtml":false}},"4eb363d9-8d53-460f-9588-726352f71845":{"type":"translation","settings":{"title":"Notify me - Notification","css_selector":"button#SI_trigger, .appikon-bis-inline-form-title h3, .appikon-bis-inline-form-description, button#appikon-bis-inline-form-submit, #appikon-bis-inline-form-footer-note, .appikon-bis-inline-form-error, .appikon-bis-inline-form-success, small#appikon-bis-form-email-warning","innerText":true,"translation":"","attr":"","notHtml":false}},"50a58381-5c16-4d2f-b8f8-d2f3848cb59b":{"type":"translation","settings":{"title":"Notify me - Placeholder","css_selector":"input#appikon-bis-inline-form-email","innerText":false,"translation":"E-mail address||Adresse e-mail","attr":"placeholder","notHtml":false}},"00235d62-2abb-4532-b4ca-f0950b5f6a5a":{"type":"translation","settings":{"title":"wishlist-login","css_selector":".wk-login-message","innerText":true,"translation":"","attr":"","notHtml":false}},"a0eb4f65-2e20-45bf-a4e8-3ec3d96a173c":{"type":"translation","settings":{"title":"wishlist-or","css_selector":".wk-or","innerText":true,"translation":"","attr":"","notHtml":false}},"3f53bf04-a1e6-4ea4-a1a3-00eb3ee35782":{"type":"translation","settings":{"title":"wishlist-signup","css_selector":".wk-signup-link","innerText":true,"translation":"","attr":"","notHtml":false}},"1dfcf4f9-f047-4884-9707-eb089cac8c0e":{"type":"translation","settings":{"title":"wishlist-login-link","css_selector":".wk-login-link","innerText":true,"translation":"","attr":"","notHtml":false}},"ece4f411-1347-471c-901d-98a118903359":{"type":"translation","settings":{"title":"wishlist-share","css_selector":"#wk-share-head","innerText":true,"translation":"","attr":"","notHtml":false}},"9be6f831-671d-4f73-9ae4-c710004f0553":{"type":"translation","settings":{"title":"wishlist-empty-note","css_selector":".wk-wishlist-empty-note","innerText":true,"translation":"","attr":"","notHtml":false}},"bacef4a6-5ea4-4dfb-a58e-da848b5e2b26":{"type":"translation","settings":{"title":"wishlist-addtocart","css_selector":".wk-add-to-cart","innerText":false,"translation":"Add to Cart||Ajouter au panier","attr":"value","notHtml":false}},"40b63107-08a8-4d18-b13e-ef21f0f8df79":{"type":"translation","settings":{"title":"wishlist-add","css_selector":".wk-label","innerText":true,"translation":"","attr":"","notHtml":false}},"148d50c6-11ee-4253-bab9-c514af2bd100":{"type":"translation","settings":{"title":"wk-product-title","css_selector":".wk-product-title","innerText":true,"translation":"","attr":"","notHtml":false}},"d7206afb-96df-42f9-87d1-18e32c735010":{"type":"translation","settings":{"title":"wk-label","css_selector":".selector-wrapper label","innerText":true,"translation":"","attr":"","notHtml":false}},"607dc2d3-ed66-4874-9766-55d77802f3ba":{"type":"translation","settings":{"title":"wk-select-option","css_selector":".single-option-selector option","innerText":true,"translation":"","attr":"","notHtml":false}},"f183bc85-9ee9-491f-b020-e8b62aff19c2":{"type":"translation","settings":{"title":"wk-clipboard","css_selector":".wk-clipboard","innerText":true,"translation":"","attr":"","notHtml":false}},"f2ce4842-4677-48c8-b0d5-871a85bc9016":{"type":"translation","settings":{"title":"Bold Store locator","css_selector":"#store-locator-title","innerText":false,"translation":"Our stores||Nos magasins","attr":"","notHtml":false}},"52124033-2f70-4fba-809a-e22c65d1102d":{"type":"translation","settings":{"title":"Bold Store locator","css_selector":"label.main_search_label","innerText":true,"translation":"","attr":"","notHtml":false}},"e29c3fdc-ecd8-4649-a651-bc25a24e9085":{"type":"translation","settings":{"title":"Bold Store Locator","css_selector":"label.search_limit_label","innerText":true,"translation":"","attr":"","notHtml":false}},"7118e171-ec41-446c-86ec-e406b3fe9a1b":{"type":"translation","settings":{"title":"Bold Store Locator","css_selector":"button#submitBtn","innerText":true,"translation":"","attr":"","notHtml":false}},"b9d356d2-7c5d-44ea-b636-8d02db439eaa":{"type":"translation","settings":{"title":"Bold Store Locator","css_selector":"input#address_search","innerText":true,"translation":"","attr":"value","notHtml":false}},"0180f482-7933-47af-8df4-9bd34904f161":{"type":"translation","settings":{"title":"Bold Store Locator","css_selector":"div.directions > a","innerText":true,"translation":"","attr":"","notHtml":false}},"c519bbcb-c237-4384-8832-bdf41fad25a8":{"type":"translation","settings":{"title":"Bold Store Locator","css_selector":"#within_distance > option:nth-child(4)","innerText":true,"translation":"","attr":"","notHtml":false}},"f658ec72-a05f-487e-8f34-95eefff726e3":{"type":"translation","settings":{"title":"Bold Store Locator","css_selector":"a.return_to_results","innerText":true,"translation":"","attr":"","notHtml":false}}},"block_order":["2f56c0f8-4a65-4842-9858-d99ea7f0b991","4eb363d9-8d53-460f-9588-726352f71845","50a58381-5c16-4d2f-b8f8-d2f3848cb59b","00235d62-2abb-4532-b4ca-f0950b5f6a5a","a0eb4f65-2e20-45bf-a4e8-3ec3d96a173c","3f53bf04-a1e6-4ea4-a1a3-00eb3ee35782","1dfcf4f9-f047-4884-9707-eb089cac8c0e","ece4f411-1347-471c-901d-98a118903359","9be6f831-671d-4f73-9ae4-c710004f0553","bacef4a6-5ea4-4dfb-a58e-da848b5e2b26","40b63107-08a8-4d18-b13e-ef21f0f8df79","148d50c6-11ee-4253-bab9-c514af2bd100","d7206afb-96df-42f9-87d1-18e32c735010","607dc2d3-ed66-4874-9766-55d77802f3ba","f183bc85-9ee9-491f-b020-e8b62aff19c2","f2ce4842-4677-48c8-b0d5-871a85bc9016","52124033-2f70-4fba-809a-e22c65d1102d","e29c3fdc-ecd8-4649-a651-bc25a24e9085","7118e171-ec41-446c-86ec-e406b3fe9a1b","b9d356d2-7c5d-44ea-b636-8d02db439eaa","0180f482-7933-47af-8df4-9bd34904f161","c519bbcb-c237-4384-8832-bdf41fad25a8","f658ec72-a05f-487e-8f34-95eefff726e3"],"settings":{}},"app-optimization":{"type":"app-optimization","blocks":{"e05b415d-4309-4a65-8e26-e451d20cb8fa":{"type":"app","settings":{"title":"Signifyd","url":"cdn-scripts.signifyd.com\/shopify\/script-tag.js","block_index":true,"block_product":true,"block_collection":true,"block_page":true,"block_blog":true,"block_article":true,"block_cart":true,"block_search":true,"block_customers":true,"block_gift_card":true,"scroll_index":false,"scroll_product":false,"scroll_collection":false,"scroll_page":false,"scroll_blog":false,"scroll_article":false,"scroll_cart":false,"scroll_search":false,"scroll_customers":false,"scroll_gift_card":false,"interaction_index":false,"interaction_product":false,"interaction_collection":false,"interaction_page":false,"interaction_blog":false,"interaction_article":false,"interaction_cart":false,"interaction_search":false,"interaction_customers":false,"interaction_gift_card":false,"interaction_selectors_1":"","interaction_event_1":"click","interaction_selectors_2":"","interaction_event_2":"click"}},"1e4f40a9-990d-4093-acfc-adc2c049f4b8":{"type":"app","settings":{"title":"Instafeed","url":"instafeed.nfcube.com\/cdn\/2b53149a1a593c505a8e460d980a385b.js","block_index":false,"block_product":false,"block_collection":false,"block_page":false,"block_blog":false,"block_article":false,"block_cart":false,"block_search":false,"block_customers":false,"block_gift_card":false,"scroll_index":true,"scroll_product":true,"scroll_collection":true,"scroll_page":true,"scroll_blog":true,"scroll_article":true,"scroll_cart":true,"scroll_search":true,"scroll_customers":true,"scroll_gift_card":true,"interaction_index":false,"interaction_product":false,"interaction_collection":false,"interaction_page":false,"interaction_blog":false,"interaction_article":false,"interaction_cart":false,"interaction_search":false,"interaction_customers":false,"interaction_gift_card":false,"interaction_selectors_1":"","interaction_event_1":"click","interaction_selectors_2":"","interaction_event_2":"click"}},"4374436d-bc81-43cb-b46e-3fae83ab752b":{"type":"app","settings":{"title":"Klaviyo","url":"static.klaviyo.com\/onsite\/js\/klaviyo.js","block_index":false,"block_product":false,"block_collection":false,"block_page":false,"block_blog":false,"block_article":false,"block_cart":false,"block_search":false,"block_customers":false,"block_gift_card":false,"scroll_index":true,"scroll_product":true,"scroll_collection":true,"scroll_page":true,"scroll_blog":true,"scroll_article":true,"scroll_cart":true,"scroll_search":true,"scroll_customers":true,"scroll_gift_card":true,"interaction_index":false,"interaction_product":false,"interaction_collection":false,"interaction_page":false,"interaction_blog":false,"interaction_article":false,"interaction_cart":false,"interaction_search":false,"interaction_customers":false,"interaction_gift_card":false,"interaction_selectors_1":"","interaction_event_1":"click","interaction_selectors_2":"","interaction_event_2":"click"}}},"block_order":["e05b415d-4309-4a65-8e26-e451d20cb8fa","1e4f40a9-990d-4093-acfc-adc2c049f4b8","4374436d-bc81-43cb-b46e-3fae83ab752b"],"settings":{"enable":true,"debug_enable":false}},"faq":{"type":"faq","blocks":{"1c11d1eb-404d-4a48-8bea-b49487b1237d":{"type":"tab","settings":{"title":"General"}},"b33d97d2-b140-4693-8869-b54058cf45c9":{"type":"question","settings":{"faq_tab":"General","title":"Where can I purchase Freedman's products?","content":"<p>You can purchase our products online at freedmanharness.com or from our Boutique located in Midway, Kentucky. In addition, we retail a selection of our products through Terry Bennett's Tack at <a href=\"http:\/\/www.bennettstack.com\/\">www.bennettstack.com<\/a>.<\/p>"}},"2f7e84b1-0d14-4184-8989-0d1c74321778":{"type":"tab","settings":{"title":"Orders"}},"3146b626-c21a-4fe7-b8b7-6156361c9ffd":{"type":"question","settings":{"faq_tab":"Orders","title":"Can I order online and pick up in your store?","content":"<p>Yes. Select the 'Pick up in store' option at check out.<\/p>"}},"7c6bfbd8-713c-4615-99a0-7fea84101eac":{"type":"tab","settings":{"title":"Payments"}},"235c514e-c99b-4220-bb1d-4218a1ecd911":{"type":"question","settings":{"faq_tab":"Payments","title":"What are acceptable payment methods?","content":"<p>We accept Master Card, Visa and American Express.<\/p>"}},"a2628850-d1bd-4bef-812b-da1cd25c22fa":{"type":"question","settings":{"faq_tab":"Payments","title":"When will my credit card be charged?","content":"<p>Your credit card will be charged when we process the order.<\/p>"}},"a2577474-b508-4fea-a52c-f916c55c2c9a":{"type":"tab","settings":{"title":"Shipping"}},"de0dd6d0-2e20-45f1-a105-3051ba930554":{"type":"question","settings":{"faq_tab":"Shipping","title":"What countries do you ship to?","content":"<p>We regularly ship to contiguous U.S. states and Canada. We are able to ship to most locations worldwide, but have to make special arrangements to ensure delivery. Please contact us at 1.877.256.7674.<\/p>"}},"475ca21e-c9ef-4393-9385-61daa18e8332":{"type":"question","settings":{"faq_tab":"Shipping","title":"What shipping methods do you offer?","content":"<p>In the U.S., we offer UPS shipping for Next Day (order before 2 pm the previous weekday) or Ground (5-10 days). In Canada, we ship Ground (5-10 days).<strong> Please note UPS does not deliver to PO Boxes.<\/strong><\/p>"}},"a8c06e45-ecc8-4d79-a2b8-2798c805ec53":{"type":"question","settings":{"faq_tab":"Shipping","title":"What orders will require a signature?","content":"<p>All orders with a value of $800 or more will be shipped with 'Signature Required.' Please note, we are unable to make changes once an order has shipped. If a 'No Signature' is requested from the customer via phone prior to shipping, an additional charge to insure the package may occur.<\/p>"}},"92be839e-70c1-4e8b-8585-f38a888cee7b":{"type":"question","settings":{"faq_tab":"Shipping","title":"How can I track my order?","content":"<p>You will receive an email with a tracking number once your order has shipped.<\/p>"}},"244c50f9-f8ff-40a2-811d-8084a77df711":{"type":"tab","settings":{"title":"Returns"}},"6dc567e5-0c9f-41b3-aa2f-2859061db075":{"type":"question","settings":{"faq_tab":"Returns","title":"Do you have a return policy?","content":"<p>Yes, this Policy applies to all purchases placed on our website at FREEDMANHARNESS.com, our Boutique in Midway, KY, our Head Office and Manufacturing in Toronto, Ontario, Canada, any Mobile Retail Locations (includes Horse Shows) and orders made by telephone at 877-256-7674, 416-256-7674 or 859-846-9674.<\/p>"}},"3a7da149-03a7-417a-85fa-02c40bbabf6f":{"type":"question","settings":{"faq_tab":"Returns","title":"What is the Cancellation Policy for Saddles & Harness?","content":"<p>Cancellation on Saddles & Harness orders are subject to a 5% Cancellation Processing Fee.<\/p>"}},"0ccb76ea-2d7e-4fb0-8e14-caceda8eee89":{"type":"question","settings":{"faq_tab":"Returns","title":"What is the policy for all other returns and cancellations?","content":"<p>Merchandise may be returned or exchanged within 30 days and must be unused and in its original condition with a receipt.<\/p><p>Refunds will only be issued to the original tender.<\/p><p>Returns must be sent in their original condition and packaging to the following address:<\/p><p>USA Customers: Freedman Harness & Saddlery Company, 136 East Main Street, Midway, KY 40347.<\/p><p>Canadian & International Customers: Freedman Harness & Saddlery Company, 153 Bridgeland Avenue, Unit 14, Toronto, Ontario M6A 2Y6.<\/p><p>You must enclose the original receipt with your returns or a copy if you are returning part of your order. Customer must provide a receipt for all refunds, exchanges or store credit.<\/p><p>After 30 days, no refunds or exchanges are accepted; only store credit will be accepted with a receipt .After 90 days, no returns are accepted. <\/p><p>This policy does NOT apply to ANY custom made orders.<\/p><p>Freedman Harness & Saddlery Company will use commercially reasonable efforts to ensure that any refund will be made within five (5) business days of receipt of the goods returned by crediting your charge or credit card. Under no circumstances will it be possible to grant you an electronic credit usable on the FREEDMANHARNESS.com website, nor will the website issue a store credit for use in the Freedman Harness boutique.<\/p><p>Freedman Harness & Saddlery Company has sole discretion in determining whether the products are in original condition when returned to the Boutique in Midway, KY (USA Customers), or Head Office in Toronto, Canada (Canadian & International Customers).<\/p><p>Freedman Harness & Saddlery Company will not be responsible or liable if any item you wish to return to the Boutique in Midway, KY (USA Customers), or Head Office in Toronto, Canada (Canadian & International Customers) is lost, misdirected or delivered late.<\/p><p>We do not exchange or allow refunds for goods purchased in the Freedman Harness boutique via the FREEDMANHARNESS.com website and vice versa.<\/p><p>All Last Call items purchased on the website, Boutique, Mobile Retail Locations or our Head Office are FINAL SALE.<\/p>"}},"cc5dfc09-6403-4a95-978f-3350d7047498":{"type":"question","settings":{"faq_tab":"Returns","title":"What is the return policy on Personalized Engraved Plates?","content":"<p>Items with Personalized Engraved Plates (excluding plates on saddles) - if an exchange is needed, the customer must pay for a new plate. If the customer returns an item with a Personalized Engraved Plate for a refund, the cost of the plate will NOT be refunded to the customer, nor will the plate be returned to the customer.<\/p><p>This policy does NOT apply to Personalized Plates purchased on its own. All personalized plates purchased on their own are FINAL SALE.<\/p><p>Freight charges will NOT be refunded on original purchase. Additional freight will be charged on exchanges. Additional freight will NOT be charged if Freedman Harness & Saddlery Company was in error.<\/p>"}},"4d74b7f9-aa46-4e65-83bf-24f15dd8e856":{"type":"question","settings":{"faq_tab":"Returns","title":"What is the return policy on gifts?","content":"<p>For items received as a gift obtained from the FREEDMANHARNESS.com website, Boutique, Head Office, Mobile Retail Location or by Telephone, you are only entitled to a merchandise exchange, or a refund may be issued on the original tender used and paid to the original customer.<\/p>"}}},"block_order":["1c11d1eb-404d-4a48-8bea-b49487b1237d","b33d97d2-b140-4693-8869-b54058cf45c9","2f7e84b1-0d14-4184-8989-0d1c74321778","3146b626-c21a-4fe7-b8b7-6156361c9ffd","7c6bfbd8-713c-4615-99a0-7fea84101eac","235c514e-c99b-4220-bb1d-4218a1ecd911","a2628850-d1bd-4bef-812b-da1cd25c22fa","a2577474-b508-4fea-a52c-f916c55c2c9a","de0dd6d0-2e20-45f1-a105-3051ba930554","475ca21e-c9ef-4393-9385-61daa18e8332","a8c06e45-ecc8-4d79-a2b8-2798c805ec53","92be839e-70c1-4e8b-8585-f38a888cee7b","244c50f9-f8ff-40a2-811d-8084a77df711","6dc567e5-0c9f-41b3-aa2f-2859061db075","3a7da149-03a7-417a-85fa-02c40bbabf6f","0ccb76ea-2d7e-4fb0-8e14-caceda8eee89","cc5dfc09-6403-4a95-978f-3350d7047498","4d74b7f9-aa46-4e65-83bf-24f15dd8e856"],"settings":{"show_breadcrumb":true,"title":"Have any questions?","subtitle":"","categories":"Categories"}},"richtext":{"type":"richtext","settings":{"header":"All Members of Team Freedman's","description":"If you've shopped with us and completed your customer account, then you are an official member of Team Freedman's. Please update or create your customer account below to become a part of the team","cta":"Join the Team","cta_url":"","background_color":"rgba(0,0,0,0)","text_color":"#000000","text_align":"center","margin_bottom":0,"cta_style":"button","klaviyo_select":"team"}},"contact":{"type":"contact","settings":{"banner_title":"Contact Us","banner_body":"We'd love to hear from you, or have you visit our boutique to learn more about our quality horse furnishing, apparel, and more!","form_title":"Contact us","info_title":"Get in Touch","info_text":"There are many ways to reach out to us, connect, shop, and socialize. Shop with us online. Send us an email or give us a call with questions or concerns. Or interact with us on social!","contact_phone":"1.877.256.7674","contact_email":"info@freedmanharness.com","info_cta_url":"tel:18772567674","info_cta_text":"Call us"}},"login-template":{"type":"login-template","settings":{"title":"Login","description":"Access your customer account to update your information, check shipping details, and more!","register_title":"Create an account","register_description":"Access your customer account to update your information, check shipping details, and more!"}},"image-with-text":{"type":"image-with-text","blocks":{"294060b1-f91d-426d-a834-3c9967194e61":{"type":"image","settings":{"image":"shopify:\/\/shop_images\/AF4I5718.jpg","image_mobile":"shopify:\/\/shop_images\/AF4I5718.jpg","product_1":"","product_1_horizontal":50,"product_1_vertical":50,"product_1_horizontal_tablet":50,"product_1_vertical_tablet":50,"product_1_horizontal_mobile":50,"product_1_vertical_mobile":50,"product_2":"","product_2_horizontal":50,"product_2_vertical":50,"product_2_horizontal_tablet":50,"product_2_vertical_tablet":50,"product_2_horizontal_mobile":50,"product_2_vertical_mobile":50,"product_3":"","product_3_horizontal":50,"product_3_vertical":50,"product_3_horizontal_tablet":50,"product_3_vertical_tablet":50,"product_3_horizontal_mobile":50,"product_3_vertical_mobile":50,"desktop_block_width":"60%","tablet_block_width":"60%","mobile_block_width":"100%","tablet_position":1,"mobile_position":1}},"f140847a-c7b7-4d12-b8bd-03a6c7048b90":{"type":"text","settings":{"desktop_text_align":"left","mobile_text_align":"center","breadcrumb":true,"big_title":"","title":"Trainer Incentive & My Tack Room Program","title_bold":false,"content":"<p>If you are a trainer, riding instructor, barn manager, or professional in our industry, we invite you to join Freedman's Trainer Incentive & My Tack Room Program. <\/p><p>Sign up, set up your own Freedman's 'My Tack Room' store, and earn Incentive Points while your barn shops. <\/p><p>Already signed up? Sign into your account <strong>here<\/strong>.<\/p><p>If you ride under the banner of one of our enrolled 'My Tack Room' Farms, look for their customized shop below!<\/p>","cta_text":"JOIN THE PROGRAM","cta_link":"https:\/\/freedmanharnesstrainerincentive.goaffpro.com\/create-account","klaviyo_select":"none","cta_product_text":"","cta_product":"","cta_background_color":"#ffffff","cta_text_color":"#000000","cta_hover_background_color":"#000000","cta_hover_text_color":"#ffffff","text_below_cta":"","cta_style":"button","cta_style_tablet":"button","cta_style_mobile":"button","background_color":"#ffffff","big_title_color":"#ffffff","title_color":"#000000","content_color":"#000000","text_below_cta_color":"#ffffff","background_color_tablet":"#ffffff","big_title_color_tablet":"#ffffff","title_color_tablet":"#000000","content_color_tablet":"#000000","text_below_cta_color_tablet":"#ffffff","background_color_mobile":"#000000","big_title_color_mobile":"#ffffff","title_color_mobile":"#ffffff","content_color_mobile":"#ffffff","text_below_cta_color_mobile":"#ffffff","desktop_block_width":"40%","tablet_block_width":"40%","mobile_block_width":"100%","tablet_position":1,"mobile_position":1}}},"block_order":["294060b1-f91d-426d-a834-3c9967194e61","f140847a-c7b7-4d12-b8bd-03a6c7048b90"],"settings":{"above_the_fold":false,"section_size":"full-width","section_size_tablet":"full-width","section_size_mobile":"full-width","gap":false,"gap_tablet":false,"gap_mobile":false}},"teams":{"type":"teams","settings":{"team_list":""}},"image-with-text-teams":{"type":"image-with-text-teams","blocks":{"137cf0d8-fe16-40b0-9626-2ce32a3ed692":{"type":"image","settings":{"image":"shopify:\/\/shop_images\/159-225-22AR_Freedman.jpg","product_1":"","product_1_horizontal":50,"product_1_vertical":50,"product_1_horizontal_tablet":50,"product_1_vertical_tablet":50,"product_1_horizontal_mobile":50,"product_1_vertical_mobile":50,"product_2":"","product_2_horizontal":50,"product_2_vertical":50,"product_2_horizontal_tablet":50,"product_2_vertical_tablet":50,"product_2_horizontal_mobile":50,"product_2_vertical_mobile":50,"product_3":"","product_3_horizontal":50,"product_3_vertical":50,"product_3_horizontal_tablet":50,"product_3_vertical_tablet":50,"product_3_horizontal_mobile":50,"product_3_vertical_mobile":50,"desktop_block_width":"60%","tablet_block_width":"60%","mobile_block_width":"100%","tablet_position":1,"mobile_position":1}},"bd9b2616-4127-40f1-ad66-d6cffdaee1d6":{"type":"text","settings":{"desktop_text_align":"left","mobile_text_align":"center","breadcrumb":false,"big_title":"","title":"Welcome to Team Freedman's","title_bold":false,"content":"<p>If you love our brand and all things Freedman's, we're glad to have you as a part of the team! In addition, we have selected a few professionals and amateurs from the Arabian, Saddlebred, and Morgan horse industries who are committed to their horses' well-being, excellence in and out of the show ring, and represent the tradition and legacy of the Freedman's brand. Learn more about our Official Team Freedman's Ambassadors and Trainer Ambassadors of the Month!<\/p>","cta_text_color":"#ffffff","cta_background_color":"#000000","cta_text":"BRAND AMBASSADORS","cta_link":"shopify:\/\/pages\/ambassador","cta_text_2":"TRAINER AMBASSADORS OF THE MONTH","cta_link_2":"shopify:\/\/pages\/social-media-influencers","cta_product":"","cta_atc_background_color":"#ffffff","cta_atc_text_color":"#000000","cta_atc_hover_background_color":"#000000","cta_atc_hover_text_color":"#ffffff","text_below_cta":"Add to cart","cta_style":"button","cta_style_tablet":"button","cta_style_mobile":"button","background_color":"#000000","big_title_color":"#ffffff","title_color":"#ffffff","content_color":"#ffffff","text_below_cta_color":"#ffffff","background_color_tablet":"#000000","big_title_color_tablet":"#ffffff","title_color_tablet":"#ffffff","content_color_tablet":"#ffffff","text_below_cta_color_tablet":"#ffffff","background_color_mobile":"#000000","big_title_color_mobile":"#ffffff","title_color_mobile":"#ffffff","content_color_mobile":"#ffffff","text_below_cta_color_mobile":"#ffffff","desktop_block_width":"50%","tablet_block_width":"50%","mobile_block_width":"100%","tablet_position":1,"mobile_position":1}}},"block_order":["137cf0d8-fe16-40b0-9626-2ce32a3ed692","bd9b2616-4127-40f1-ad66-d6cffdaee1d6"],"settings":{"above_the_fold":false,"section_size":"full-width","section_size_tablet":"full-width","section_size_mobile":"full-width","gap":false,"gap_tablet":false,"gap_mobile":false}},"richtext-about-2":{"type":"richtext-about-2","settings":{"header":"Exquisitely Handcrafted","description":"The Freedman's promise is handcrafted, quality leather horse furnishings that are correctly appointed and designed with tradition in every stitch. From saddles and harness to luxury leathergoods, our quality craftsmanship is what makes us unique.","cta":"","cta_url":"","background_color":"#000000","text_color":"#ffffff","text_align":"center"}},"store-locator":{"type":"store-locator","blocks":{"e21c531a-3a8e-4fb3-b52d-969a0e6f239d":{"type":"Store","settings":{"store_image":"shopify:\/\/shop_images\/freedmans-window-sm_2aea13a1-e85c-4584-b0b3-9358dbbb897e.jpg","open_hours_more_info":"Hours of Operation","store_name":"USA\/Boutique","store_address":"206 North Gratz St. <br>\nMidway, Kentucky<br>\n40347","store_phone":"859.846.9674","store_phone_text":"859.846.9674","hours_monday":"9:00 am to 5:00 pm","hours_tuesday":"9:00 am to 5:00 pm","hours_wednesday":"9:00 am to 5:00 pm","hours_thursday":"9:00 am to 5:00 pm","hours_friday":"9:00 am to 5:00 pm","hours_saturday":"9:00 am to 5:00 pm","hours_sunday":"CLOSED"}},"373c3ae3-3ce7-40f1-a097-ec986c125a57":{"type":"Store","settings":{"store_image":"shopify:\/\/shop_images\/FreedmanLogo-horseshoeonly.jpg","open_hours_more_info":"By Appointment Only","store_name":"HQ\/Manufacturing","store_address":"153 Bridgeland Ave, Unit 14<br>\nToronto, ON<br>\nCanada<br>\nM6A 2Y6","store_phone":"1.877.256.7674","store_phone_text":"1.877.256.7674","hours_monday":"9:00 am to 5:00 pm","hours_tuesday":"9:00 am to 5:00 pm","hours_wednesday":"9:00 am to 5:00 pm","hours_thursday":"9:00 am to 5:00 pm","hours_friday":"9:00 am to 4:00 pm","hours_saturday":"CLOSED","hours_sunday":"CLOSED"}},"0544758d-60d9-4fa6-a269-8d2f1ffe30fa":{"type":"Store","settings":{"store_image":"shopify:\/\/shop_images\/WCSGdetail.jpg","open_hours_more_info":"Hours or Operation","store_name":"Bennett's Tack - Agent","store_address":"23820 South State<br>\nRoute 291<br>\nHarrisonville, MO<br>\n64701","store_phone":"816.380.2200","store_phone_text":"816.380.2200","hours_monday":"8:00 am to 3:00 pm","hours_tuesday":"8:00 am to 3:00 pm","hours_wednesday":"8:00 am to 3:00 pm","hours_thursday":"8:00 am to 3:00 pm","hours_friday":"8:00 am to 3:00 pm","hours_saturday":"8:00 am to 3:00 pm","hours_sunday":"8:00 am to 3:00 pm"}}},"block_order":["e21c531a-3a8e-4fb3-b52d-969a0e6f239d","373c3ae3-3ce7-40f1-a097-ec986c125a57","0544758d-60d9-4fa6-a269-8d2f1ffe30fa"],"settings":{"header":"Come Shop","background_color":"#d9c89e","hide_current_day_hours":false,"open_at_text":"Open at","open_until_text":"Open until","closed_text":"Closed for the day"}},"image-with-text-contact":{"type":"image-with-text-contact","settings":{"above_the_fold":false,"section_size":"full-width","section_size_tablet":"full-width","section_size_mobile":"full-width","image":"shopify:\/\/shop_images\/226-416-19KSF_Arnold.jpg","top_title":"On the Road","top_title_icon":"","title":"From event to event with Team Freedman's.","description":"Check out where we are headed next and come visit us while you're there!","cta_text":"LEARN MORE","cta_url":"shopify:\/\/blogs\/on-the-road","gap":false,"cta_background_color":"#ffffff","cta_text_color":"#000000","cta_hover_background_color":"#000000","cta_hover_text_color":"#ffffff","gap_tablet":false,"gap_mobile":false,"desktop_block_width":"50%","tablet_block_width":"50%","mobile_block_width":"100%","tablet_position":1,"mobile_position":1,"desktop_text_align":"left","mobile_text_align":"left","background_color":"","big_title_color":"","title_color":"","content_color":"","background_color_tablet":"","big_title_color_tablet":"","title_color_tablet":"","content_color_tablet":"","background_color_mobile":"","big_title_color_mobile":"","title_color_mobile":"","content_color_mobile":""}},"testimonials":{"type":"testimonials","blocks":{"a7cee58c-3ffa-4fe6-a36c-37e3d959efd7":{"type":"testimonial","settings":{"testimonial_image":"shopify:\/\/shop_images\/FreedmanLogo-horseshoeonly.jpg","testimonial_title":"Step 1:","testimonial_text":"If you're a professional or horse trainer, use the link above to sign-in or login to your Trainer Incentive account."}},"4919e1c5-9037-47c0-b7d7-27b7938f0dbf":{"type":"testimonial","settings":{"testimonial_image":"shopify:\/\/shop_images\/FreedmanLogo-horseshoeonly.jpg","testimonial_title":"Step 2:","testimonial_text":"Set up your online profile and then set up your personalized 'My Tack Room' Freedman's store. Be sure to include the products you and your customers love to use."}},"105c8b93-e00c-4300-b5c1-a3dc7cc4b0e0":{"type":"testimonial","settings":{"testimonial_image":"shopify:\/\/shop_images\/FreedmanLogo-horseshoeonly.jpg","testimonial_title":"Step 3:","testimonial_text":"Promote! Send your customers your personalized store link and referral coupon or code. Post to your social media accounts. Then earn, while they shop!"}}},"block_order":["a7cee58c-3ffa-4fe6-a36c-37e3d959efd7","4919e1c5-9037-47c0-b7d7-27b7938f0dbf","105c8b93-e00c-4300-b5c1-a3dc7cc4b0e0"],"settings":{"header":"How Does the Program Work?"}},"farm-stable":{"type":"farm-stable","blocks":{"4ac19c75-91c9-44b9-8100-0aa68b1088d8":{"type":"collection-card","disabled":true,"settings":{"collection_card":"cascade-stables"}},"d6bdb4d0-6dfc-468b-9b54-0eea323d5208":{"type":"collection-card","disabled":true,"settings":{"collection_card":"high-caliber-stables-collection"}},"cc104881-a630-4fb9-a37b-4e758f236773":{"type":"collection-card","disabled":true,"settings":{"collection_card":"north-wind-stables"}},"071b7dc1-3f06-4e53-9736-d79121407eb4":{"type":"collection-card","disabled":true,"settings":{"collection_card":"stachowski-farm"}},"51b25478-096d-4785-8ab3-39c63b8a1ac1":{"type":"collection-card","disabled":true,"settings":{"collection_card":"silver-lining-stable"}},"15bcec3b-2e6c-42bc-8166-7842a6b6a2a1":{"type":"collection-card","disabled":true,"settings":{"collection_card":""}}},"block_order":["4ac19c75-91c9-44b9-8100-0aa68b1088d8","d6bdb4d0-6dfc-468b-9b54-0eea323d5208","cc104881-a630-4fb9-a37b-4e758f236773","071b7dc1-3f06-4e53-9736-d79121407eb4","51b25478-096d-4785-8ab3-39c63b8a1ac1","15bcec3b-2e6c-42bc-8166-7842a6b6a2a1"],"settings":{"title":"Select Your Barn's Tack Room:","margin_top":10,"margin_bottom":0}},"image-with-text-about-1":{"type":"image-with-text-about-1","settings":{"above_the_fold":false,"show_breadcrumbs":true,"section_size":"full-width","section_size_tablet":"full-width","section_size_mobile":"full-width","image":"shopify:\/\/shop_images\/tools.jpg","top_title":"","top_title_icon":"","title":"It Began In 1802.","description":"And it continues today, with a lineage of master craftsmen who all shared the same vision, each in a different time, and with the same results: quality craftsmanship with the finest materials. The products have changed over time, but the essence remains the same. Steeped in the traditions of equestrian sport, Freedman’s harness, saddles, bridles, bags and leather goods all echo a commitment to excellence that dates back six generations.","cta_text":"","cta_url":"","gap":false,"gap_tablet":false,"gap_mobile":false,"desktop_block_width":"50%","tablet_block_width":"50%","mobile_block_width":"100%","tablet_position":1,"mobile_position":1,"desktop_text_align":"left","mobile_text_align":"center","background_color":"rgba(0,0,0,0)","big_title_color":"#000000","title_color":"#000000","content_color":"#000000","background_color_tablet":"","big_title_color_tablet":"#000000","title_color_tablet":"#000000","content_color_tablet":"#000000","background_color_mobile":"","big_title_color_mobile":"#000000","title_color_mobile":"#000000","content_color_mobile":"#000000"}},"about-timeline":{"type":"about-timeline","blocks":{"b2ef1c99-aca9-4a15-b402-ab07f68d1845":{"type":"date","settings":{"year":"1910","image":"shopify:\/\/shop_images\/1910.png","description":"Isaac emigrates from Poland to Canada and opens his harness shop in the heart of Toronto’s Kensington market area. His son Sam was taught the trade of harness making in the Centre Avenue shop in 1948 at the age of twelve."}},"53625655-ed80-4fa2-9026-eb4ade4260b3":{"type":"date","settings":{"year":"1945","image":"shopify:\/\/shop_images\/Calque_0.png","description":"National austerity measures before and during World War II meant demand for harness parts and repairs in Canada increased."}},"50f3b2e7-e599-44fa-b8ee-03d48785f18f":{"type":"date","settings":{"year":"1946","image":"shopify:\/\/shop_images\/freedman_brochure_15-007.png","description":"The Royal Winter Fair opens its doors once again following World War II, and Sam sees the opportunity for a new business in making show harness."}},"e3b26661-7156-4452-bf68-2f2ef3d96abb":{"type":"date","settings":{"year":"1954","image":"shopify:\/\/shop_images\/greenwoodwelcome.png","description":"The new scene in Toronto is night-time harness racing at Greenwood Raceway. Shop production increases to over 1000 sets of Standardbred race harness a year."}},"90d16df4-bf2e-4f82-a37b-38cac49df93d":{"type":"date","settings":{"year":"1960's","image":"shopify:\/\/shop_images\/oaklanddairy_copie.jpg","description":"Cynthia Haydon, trainer for John Angus \"Bud\" McDougald at his Green Meadows estate on Leslie Street in Toronto, carries Sam's work back to England, turning the company's client base global."}},"9001969c-e875-4c35-8eae-a18241fff9b4":{"type":"date","settings":{"year":"1973","image":"shopify:\/\/shop_images\/carlsberg.png","description":"Freedman's is commissioned to make the harness for the Carlsberg championship team and wagon."}},"9c05ded1-e63f-4543-8a85-6c966fcabda1":{"type":"date","settings":{"year":"1982","image":"shopify:\/\/shop_images\/young-david.png","description":"David joins the family business under the watchful eye of his father Sam. This apprenticeship would last for over 9 years until Sam's passing in 1991."}},"9d1e2ac8-8fa3-4d80-b198-0d37bd78f442":{"type":"date","settings":{"year":"1984","image":"shopify:\/\/shop_images\/bags_1984.png","description":"Following the lead of French and Italian harness and saddle makers that shifted into fashion, David realizes his father's dream of adding a belt and handbag range, supplying retail fashion greats and famous designers across North America."}},"5a69267c-0a7c-4765-923f-aed53fa9a722":{"type":"date","settings":{"year":"1995","image":"shopify:\/\/shop_images\/DSC_0978.png","description":"Freedman's expands its range of show horse equipment with the introduction of a cutback saddle for the saddle seat disciplines."}},"b808ee37-8157-4270-bded-67284fbf903e":{"type":"date","settings":{"year":"1998","image":"shopify:\/\/shop_images\/freedman_brochure_15-020.png","description":"Anheuser-Busch commissions Freedman Harness as the exclusive harness maker for their Budweiser Clydesdales."}},"6fed425e-061c-4e88-9eb5-cad29d3bc682":{"type":"date","settings":{"year":"2004","image":"shopify:\/\/shop_images\/A95U8782.png","description":"Freedman's renews an old chapter from its history with the launch of its leather goods and accessories collection, once again featuring belts, handbags and travel bags."}},"ac34b5a2-ab25-49bc-8707-f9e5e6abfcd4":{"type":"date","settings":{"year":"2006","image":"shopify:\/\/shop_images\/email_9833.png","description":"Freedman's opens it's brick and mortar Boutique in the small town of Midway, Kentucky, in the very heart of horse country."}},"c0d98201-8cc5-4212-a414-2d19407193c3":{"type":"date","settings":{"year":"2009","image":"shopify:\/\/shop_images\/martha-stewart_92e83bf0-de00-4356-853d-c86a5b2b1351.png","description":"A freedman's bridle is featured with Martha Stewart and her Friesian horse on the cover of a special Halloween edition of her magazine."}},"4248ad1f-7549-4a05-9f70-674aa31c31eb":{"type":"date","settings":{"year":"2020","image":"shopify:\/\/shop_images\/Jods_square.png","description":"Freedman's dives head first into the apparel business, launching the first piece of their Tous les Jours Performance Riding Apparel Collection: the Tous les Jours Performance Jods. A full line of rider apparel would follow."}},"97e96b47-5101-43b2-8b0f-67b271df837d":{"type":"date","settings":{"year":"Today","image":"shopify:\/\/shop_images\/NLF_SHOOT_116__social.png","description":"Sixth generation harness maker David carries on the family tradition by leading up the Toronto workshop, drawing on over 200 years of experience. His wife, Nicole Freedman, serves as the company's Vice President and oversees U.S. operations at the Boutique in Midway, Kentucky."}}},"block_order":["b2ef1c99-aca9-4a15-b402-ab07f68d1845","53625655-ed80-4fa2-9026-eb4ade4260b3","50f3b2e7-e599-44fa-b8ee-03d48785f18f","e3b26661-7156-4452-bf68-2f2ef3d96abb","90d16df4-bf2e-4f82-a37b-38cac49df93d","9001969c-e875-4c35-8eae-a18241fff9b4","9c05ded1-e63f-4543-8a85-6c966fcabda1","9d1e2ac8-8fa3-4d80-b198-0d37bd78f442","5a69267c-0a7c-4765-923f-aed53fa9a722","b808ee37-8157-4270-bded-67284fbf903e","6fed425e-061c-4e88-9eb5-cad29d3bc682","ac34b5a2-ab25-49bc-8707-f9e5e6abfcd4","c0d98201-8cc5-4212-a414-2d19407193c3","4248ad1f-7549-4a05-9f70-674aa31c31eb","97e96b47-5101-43b2-8b0f-67b271df837d"],"settings":{}},"richtext-about":{"type":"richtext-about","settings":{"header":"Freedman’s Craftsmanship","description":"Artisans in the Toronto workshop create luxuriously handcrafted leather goods using techniques from days gone by.","cta":"","cta_url":"","background_color":"#000000","text_color":"#ffffff","text_align":"center"}},"image-with-text-about-2":{"type":"image-with-text-about-2","blocks":{"f7b943d1-8320-4033-93ea-0a12a4f1c0c8":{"type":"text","settings":{"desktop_text_align":"left","mobile_text_align":"center","breadcrumb":false,"big_title":"","title":"Freedman Clients","title_bold":false,"content":"<p>Freedman Harness has had the privilege of supplying private clients, royalty and celebrities world-wide, for over two centuries. Pictured is Sam Freedman with Hollywood star Roy Rogers, renowned trainer Glenn Randall and Trigger in the background.<\/p>","cta_text":"","cta_link":"","cta_product":"","cta_atc_background_color":"#ffffff","cta_atc_text_color":"#000000","cta_atc_hover_background_color":"#000000","cta_atc_hover_text_color":"#ffffff","text_below_cta":"Add to cart","cta_style":"button","cta_style_tablet":"button","cta_style_mobile":"button","background_color":"","big_title_color":"","title_color":"","content_color":"","text_below_cta_color":"#ffffff","background_color_tablet":"","big_title_color_tablet":"","title_color_tablet":"","content_color_tablet":"","text_below_cta_color_tablet":"#ffffff","background_color_mobile":"","big_title_color_mobile":"","title_color_mobile":"","content_color_mobile":"","text_below_cta_color_mobile":"#ffffff","desktop_block_width":"40%","tablet_block_width":"50%","mobile_block_width":"100%","tablet_position":1,"mobile_position":1}},"70750815-aecb-49e1-96c3-54f2e7063911":{"type":"image","settings":{"image":"shopify:\/\/shop_images\/clients-sm_e1312fdd-a86f-4588-9f74-28929a0b8600.jpg","image_mobile":"shopify:\/\/shop_images\/clients-sm_e1312fdd-a86f-4588-9f74-28929a0b8600.jpg","product_1":"","product_1_horizontal":50,"product_1_vertical":50,"product_1_horizontal_tablet":50,"product_1_vertical_tablet":50,"product_1_horizontal_mobile":50,"product_1_vertical_mobile":50,"product_2":"","product_2_horizontal":50,"product_2_vertical":50,"product_2_horizontal_tablet":50,"product_2_vertical_tablet":50,"product_2_horizontal_mobile":50,"product_2_vertical_mobile":50,"product_3":"","product_3_horizontal":50,"product_3_vertical":50,"product_3_horizontal_tablet":50,"product_3_vertical_tablet":50,"product_3_horizontal_mobile":50,"product_3_vertical_mobile":50,"desktop_block_width":"60%","tablet_block_width":"50%","mobile_block_width":"100%","tablet_position":1,"mobile_position":1}}},"block_order":["f7b943d1-8320-4033-93ea-0a12a4f1c0c8","70750815-aecb-49e1-96c3-54f2e7063911"],"settings":{"above_the_fold":false,"section_size":"full-width","section_size_tablet":"full-width","section_size_mobile":"full-width","gap":false,"gap_tablet":false,"gap_mobile":false}},"account-template":{"type":"account-template","settings":{"banner_title":"Your Account","banner_description":"Welcome to your Freedman's Customer Account. Please ensure that all information is correct and up to date.\n\n<div style=\"margin: 25px\">\n<button class=\"button\">\n<a href=\"\/account?view=edit\">Edit account<\/a>\n<\/button>\n<\/div>"}},"ambassador":{"type":"ambassador","settings":{"margin_top":0,"margin_bottom":0}},"richtext-about-3":{"type":"richtext-about-3","settings":{"header":"Old World Values","description":"Freedman’s business is based on values from a more romantic age, when men would place their finished work above their most prized possession of all - their name and reputation.","cta":"","cta_url":"","background_color":"","text_color":"","text_align":"center"}}},"content_for_index":[],"blocks":{"855628211100114053":{"type":"shopify:\/\/apps\/klaviyo-email-marketing-sms\/blocks\/klaviyo-onsite-embed\/2632fe16-c075-4321-a88b-50b567f42507","disabled":false,"settings":{}},"10605408327587305396":{"type":"shopify:\/\/apps\/easygift\/blocks\/app-embed\/0f7d4f74-1e89-4820-aec4-6564d7e535d2","disabled":false,"settings":{"version":"v3"}},"6406956604159796213":{"type":"shopify:\/\/apps\/smart-seo\/blocks\/smartseo\/7b0a6064-ca2e-4392-9a1d-8c43c942357b","disabled":false,"settings":{}},"17442089763355273418":{"type":"shopify:\/\/apps\/vify-professional-gift-cards\/blocks\/gift-card-issue\/43d9e0cc-139a-4d15-b0b8-63f2863afb32","disabled":false,"settings":{}},"8170924994765517213":{"type":"shopify:\/\/apps\/teeinblue-product-options\/blocks\/app-embed\/906ef57c-14e4-45d8-8b53-3ba7349d56a6","disabled":false,"settings":{}}}},"platform_customizations":{"custom_css":[".announcement-bar__message:hover {text-decoration: underline;}"]}}