[{"name":"theme_info","theme_name":"Atom","theme_version":"0.0.1","theme_author":"Molsoft","theme_documentation_url":"https:\/\/github.com\/Molsoft-io\/Atom-theme","theme_support_url":"https:\/\/www.molsoft.io\/contact"},{"name":"Colors","settings":[{"type":"header","content":"buttons"},{"type":"color","id":"button_background_color","label":"Background color"},{"type":"color","id":"button_border_color","default":"#2D2A2B","label":"Border color"},{"type":"color","id":"button_text_color","default":"#2D2A2B","label":"Text color"},{"type":"color","id":"button_background_color_hover","default":"#2D2A2B","label":"Hover background color"},{"type":"color","id":"button_border_color_hover","default":"#2D2A2B","label":"Hover border color"},{"type":"color","id":"button_text_color_hover","default":"#fff","label":"Hover Text color"},{"type":"header","content":"Bold buttons"},{"type":"color","id":"button_background_color_bold","default":"#2D2A2B","label":"Bold background color"},{"type":"color","id":"button_border_color_bold","default":"#2D2A2B","label":"Bold border color"},{"type":"color","id":"button_text_color_bold","default":"#fff","label":"Bold text color"},{"type":"color","id":"button_background_color_hover_bold","default":"#fff","label":"Hover Bold background color"},{"type":"color","id":"button_border_color_hover_bold","default":"#fff","label":"Hover Bold border color"},{"type":"color","id":"button_text_color_hover_bold","default":"#2D2A2B","label":"Hover Bold text color"},{"type":"header","content":"Header"},{"type":"color","id":"header_background_color","default":"#fff","label":"Background color"},{"type":"color","id":"header_text_color","default":"#2D2A2B","label":"Text color"},{"type":"header","content":"Submenu"},{"type":"color","id":"submenu_background_color","default":"#F8F8F8","label":"Desktop background color"},{"type":"color","id":"mobile_submenu_background_color","default":"#D9C89E","label":"Mobile background color"},{"type":"color","id":"submenu_text_color","default":"#2D2A2B","label":"Text color"},{"type":"header","content":"Main content"},{"type":"color","id":"main_background_color","default":"#fff","label":"Background color"},{"type":"color","id":"main_text_color","default":"#2D2A2B","label":"Text color"},{"type":"header","content":"Footer"},{"type":"color","id":"footer_background_color","default":"#F8F8F8","label":"Background color"},{"type":"color","id":"footer_text_color","default":"#2D2A2B","label":"Text color"}]},{"name":"Typography","settings":[{"type":"header","content":"Headings"},{"type":"font_picker","id":"type_header_font","default":"sans-serif","label":"Font","info":"Selecting a different font can affect the speed of your store. [Learn more about system fonts.](https:\/\/help.shopify.com\/en\/manual\/online-store\/os\/store-speed\/improving-speed#fonts)"},{"type":"text","id":"type_header_font_custom","label":"Custom font name","info":"The font files needs to be added to the theme by a developper."},{"type":"header","content":"Body"},{"type":"font_picker","id":"type_body_font","default":"sans-serif","label":"Font","info":"Selecting a different font can affect the speed of your store. [Learn more about system fonts.](https:\/\/help.shopify.com\/en\/manual\/online-store\/os\/store-speed\/improving-speed#fonts)"},{"type":"text","id":"type_body_font_custom","label":"Custom font name","info":"The font files needs to be added to the theme by a developper."},{"type":"header","content":"Font size"},{"type":"range","id":"base_font_size","label":"Base font size","unit":"px","min":10,"max":30,"step":1,"default":16},{"type":"range","id":"mobile_base_font_size","label":"Mobile base font size","unit":"px","min":10,"max":30,"step":1,"default":14},{"type":"range","id":"header_font_size","label":"Headers font size","info":"Em size is the base size times the em size.\n Ex: if base size is 16px then a em of 2 would be 16 * 2 = 32px","unit":"em","min":0,"max":5,"step":0.1,"default":2.2},{"type":"range","id":"mobile_header_font_size","label":"Mobile headers font size","info":"Em size is the base size times the em size.\n Ex: if base size is 16px then a em of 2 would be 16 * 2 = 32px","unit":"em","min":0,"max":3,"step":0.1,"default":1.8}]},{"name":"Social media","settings":[{"type":"header","content":"Social accounts"},{"type":"text","id":"social_twitter_link","label":"Twitter","info":"https:\/\/twitter.com\/shopify"},{"type":"text","id":"social_facebook_link","label":"Facebook","info":"https:\/\/facebook.com\/shopify"},{"type":"text","id":"social_pinterest_link","label":"Pinterest","info":"https:\/\/pinterest.com\/shopify"},{"type":"text","id":"social_instagram_link","label":"Instagram","info":"http:\/\/instagram.com\/shopify"},{"type":"text","id":"social_tiktok_link","label":"TikTok","info":"https:\/\/tiktok.com\/@shopify"},{"type":"text","id":"social_tumblr_link","label":"Tumblr","info":"https:\/\/shopify.tumblr.com"},{"type":"text","id":"social_snapchat_link","label":"Snapchat","info":"https:\/\/www.snapchat.com\/add\/shopify"},{"type":"text","id":"social_youtube_link","label":"YouTube","info":"https:\/\/www.youtube.com\/shopify"},{"type":"text","id":"social_vimeo_link","label":"Vimeo","info":"https:\/\/vimeo.com\/shopify"}]},{"name":"Favicon","settings":[{"type":"image_picker","id":"favicon","label":"Favicon image","info":"Will be scaled down to 32 x 32px"}]},{"name":"Announcement bar","settings":[{"type":"select","id":"announcement_bar_position","options":[{"value":"above","label":"Above nav bar"},{"value":"under","label":"Under nav bar"}]},{"type":"url","id":"event_url","label":"Event url"},{"type":"url","id":"need_help_url","label":"Need help url"}]},{"name":"Cart","settings":[{"type":"checkbox","id":"enable_cart_goal","label":"Enable cart goal","default":true,"info":"Enables or disables free shipping cart goal"},{"type":"text","id":"free_shipping_minimum","label":"Price minimum for free shipping","info":"Note this does NOT change the backend for free shipping price, price should be in CAD, only affects cart progress bar","default":"99"},{"type":"checkbox","id":"enable_cart_suggestions","label":"Enable cart suggestions","default":true,"info":"Enables or disables cart suggestions"}]},{"name":"Checkout","settings":[{"type":"checkbox","id":"checkout_customization","label":"Enables a checkout customization"}]}]